{
  "blocking_ratio": [
    0.01682,
    0.02472,
    0.03872,
    0.04432,
    0.05412
  ],
  "avg_hops": [
    1.6414695172806608,
    1.625748502994012,
    1.6108521970705725,
    1.5999707014900386,
    1.6031843362794436
  ],
  "avg_otn_switching": [
    0.0,
    0.0,
    0.0,
    0.0,
    0.0
  ],
  "multi_demand_lightpath_ratio": [
    0,
    0,
    0,
    0,
    0
  ],
  "avg_lightpath_usage": [
    0,
    0,
    0,
    0,
    0
  ],
  "spectrum_usage": [
    0.0,
    0.0,
    0.0,
    0.0,
    0.0
  ]
}