{
  "blocking_ratio": [
    0.01242,
    0.0242,
    0.03912,
    0.0467,
    0.05482
  ],
  "avg_hops": [
    1.6387533161870431,
    1.6322402131584342,
    1.6248438930979936,
    1.6099234238959403,
    1.597600457055799
  ],
  "avg_otn_switching": [
    0.0,
    0.0,
    0.0,
    0.0,
    0.0
  ],
  "multi_demand_lightpath_ratio": [
    0,
    0,
    0,
    0,
    0
  ],
  "avg_lightpath_usage": [
    0,
    0,
    0,
    0,
    0
  ],
  "spectrum_usage": [
    0.0,
    0.0,
    0.0,
    0.0,
    0.0
  ]
}