{
  "blocking_ratio": [
    0.03208,
    0.04394,
    0.05438,
    0.06338,
    0.0707
  ],
  "avg_hops": [
    1.06320770311596,
    1.0941991088425413,
    1.1242571011611429,
    1.1553031111870342,
    1.1788442914021307
  ],
  "avg_otn_switching": [
    0.0,
    0.0,
    0.0,
    0.0,
    0.0
  ],
  "multi_demand_lightpath_ratio": [
    0,
    0,
    0,
    0,
    0
  ],
  "avg_lightpath_usage": [
    0,
    0,
    0,
    0,
    0
  ],
  "spectrum_usage": [
    0.0,
    0.0,
    0.0,
    0.0,
    0.0
  ]
}