{
  "blocking_ratio": [
    0.0139,
    0.02442,
    0.0372,
    0.04096,
    0.0522
  ],
  "avg_hops": [
    1.576878612716763,
    1.5579040160724902,
    1.560365600332364,
    1.5348056389723057,
    1.5400084405992827
  ],
  "avg_otn_switching": [
    0.0,
    0.0,
    0.0,
    0.0,
    0.0
  ],
  "multi_demand_lightpath_ratio": [
    0,
    0,
    0,
    0,
    0
  ],
  "avg_lightpath_usage": [
    0,
    0,
    0,
    0,
    0
  ],
  "spectrum_usage": [
    0.0,
    0.0,
    0.0,
    0.0,
    0.0
  ]
}