{
  "MinPB": {
    "blocking_ratio": [
      0.0,
      0.0014,
      0.0046,
      0.0095,
      0.0191,
      0.0295,
      0.0419,
      0.0545,
      0.0683,
      0.0873
    ],
    "bitrate_blocking_ratio": [
      0.0,
      0.0016377493901216823,
      0.0060083402998792465,
      0.012662002747507933,
      0.025886217972221817,
      0.03864110799857247,
      0.05350307261340803,
      0.07169920165828236,
      0.09040376633471686,
      0.11343003387941275
    ],
    "bit_blocking_ratio": [
      0.0,
      0.0018426122972653044,
      0.005266693898608733,
      0.012332674071837439,
      0.02809603302966105,
      0.039301958477786975,
      0.05568255805936731,
      0.07402562013881141,
      0.09300797388588035,
      0.11515314643134394
    ],
    "avg_hops": [
      2.7256,
      2.681053474864811,
      2.621056861563191,
      2.5680969207470974,
      2.5274747680701397,
      2.4441009788768677,
      2.3981839056465923,
      2.3497620306716023,
      2.315552216378663,
      2.295496877396735
    ],
    "avg_otn_switching": [
      0.3334738333666115,
      0.37258871001396776,
      0.40759658663933884,
      0.4371683212520215,
      0.4604974826681111,
      0.47861596540742113,
      0.4924372376123665,
      0.5019081340313534,
      0.513533842519798,
      0.5202369386663135
    ],
    "multi_demand_lightpath_ratio": [
      0.6776391536621759,
      0.6701356571542249,
      0.6549176040786779,
      0.6501851432938449,
      0.6359165401786058,
      0.6209417778781927,
      0.6164346920499235,
      0.6003578858949045,
      0.5859220473908766,
      0.5740726637292375
    ],
    "avg_lightpath_usage": [
      0.6168497437441611,
      0.618193219804489,
      0.6158960483671468,
      0.6159999173033959,
      0.6131149846440269,
      0.6055487172174318,
      0.6054078278150332,
      0.5958118115350517,
      0.5941428173522821,
      0.5837635118277963
    ],
    "spectrum_usage": [
      0.17548512655341791,
      0.19590637268633462,
      0.2163627368073438,
      0.23374126396939782,
      0.25076338741318016,
      0.2682487335136411,
      0.2809597022317506,
      0.295123167750252,
      0.3071916093111366,
      0.3177271309779476
    ]
  },
  "OneFrag": {
    "blocking_ratio": [
      0.0,
      0.0,
      0.0,
      0.0009,
      0.0033,
      0.0059,
      0.0152,
      0.0239,
      0.0372,
      0.0619
    ],
    "bitrate_blocking_ratio": [
      0.0,
      0.0,
      0.0,
      0.00127108907890041,
      0.004424367755403351,
      0.00722565253313387,
      0.019936543322137974,
      0.030726134080342606,
      0.0501200201418731,
      0.07994661425868618
    ],
    "bit_blocking_ratio": [
      0.0,
      0.0,
      0.0,
      0.0007792289315272849,
      0.005231360976828648,
      0.009100938392755631,
      0.0231268669594044,
      0.0380315677475819,
      0.05442816815189636,
      0.08184594326777125
    ],
    "avg_hops": [
      2.0323,
      2.0074,
      1.9995,
      1.997097387648884,
      1.9870572890538778,
      1.9796801126647219,
      1.9607026807473598,
      1.9316668374141994,
      1.9404860822600747,
      1.9352947446967275
    ],
    "avg_otn_switching": [
      0.274542815343189,
      0.3092061127708416,
      0.3418969920980558,
      0.3752116550702156,
      0.4016825784736977,
      0.4279191893777736,
      0.44626495177289904,
      0.46111653141908177,
      0.4766986327881552,
      0.4822904566616749
    ],
    "multi_demand_lightpath_ratio": [
      0.5068477611538011,
      0.5150185683946303,
      0.5162519034651476,
      0.5198389645156555,
      0.5186316673010957,
      0.5163845263333273,
      0.5119242248567434,
      0.5102724964073279,
      0.5045548455252346,
      0.5046107532264187
    ],
    "avg_lightpath_usage": [
      0.5108926122882258,
      0.5223262001408703,
      0.5281471706295797,
      0.534721682171518,
      0.5377636444312841,
      0.5415415042004813,
      0.5438269261493529,
      0.5437193066790423,
      0.5428454507113968,
      0.545581618438468
    ],
    "spectrum_usage": [
      0.23624611200275356,
      0.2579537531970045,
      0.2816232351469822,
      0.30083290995279593,
      0.31917302492334965,
      0.33283767972384154,
      0.3471556666768986,
      0.3582927577618239,
      0.3703450722331744,
      0.3727202900991319
    ]
  },
  "description": "include_OTN_frag=OEFM, sp_algo=LOC-SP-algo, overlap_num=5, topology=USNET",
  "traffic_intensities": [
    300,
    350,
    400,
    450,
    500,
    550,
    600,
    650,
    700,
    750
  ]
}