{
  "MaxMux": {
    "blocking_ratio": [
      0.00995,
      0.0252,
      0.03395,
      0.04345,
      0.0531
    ],
    "avg_hops": [
      1.6295136609262157,
      1.6057139926138695,
      1.6193778789917705,
      1.6020594846061367,
      1.5872848241630584
    ],
    "avg_otn_switching": [
      0.08802225138526584,
      0.09722220734849805,
      0.10970186484403087,
      0.12097613907386655,
      0.13316901714664187
    ],
    "multi_demand_lightpath_ratio": [
      0.6453366845684371,
      0.6503329850976082,
      0.6515356604639088,
      0.6477550465401923,
      0.648833340710361
    ],
    "avg_lightpath_usage": [
      0.6997649877052763,
      0.7050339017654305,
      0.7101174806505677,
      0.7135644028433905,
      0.7150859019651847
    ],
    "spectrum_usage": [
      1.16437135687519,
      1.2529252439336211,
      1.3302211465578053,
      1.4298902205871298,
      1.5118007772040092
    ]
  },
  "MaxSE": {
    "blocking_ratio": [
      0.0087,
      0.01615,
      0.02585,
      0.03945,
      0.05005
    ],
    "avg_hops": [
      1.2600121053162514,
      1.2672663515779845,
      1.277729302468819,
      1.2874394877934516,
      1.2991736407179326
    ],
    "avg_otn_switching": [
      0.035325591021838784,
      0.04364946523921073,
      0.054553492918704476,
      0.06375903402467935,
      0.07357904262052697
    ],
    "multi_demand_lightpath_ratio": [
      0.436400432904596,
      0.45709969411579326,
      0.4665645781536302,
      0.48098905258508445,
      0.5005914091907858
    ],
    "avg_lightpath_usage": [
      0.6280763927969393,
      0.6396119138350751,
      0.6449022806105218,
      0.648406037743469,
      0.6574257601593564
    ],
    "spectrum_usage": [
      1.1284802874077233,
      1.2438871109713,
      1.343674433065323,
      1.4099709504319793,
      1.4773052018765975
    ]
  },
  "MinPB": {
    "blocking_ratio": [
      0.00075,
      0.0051,
      0.0119,
      0.0178,
      0.0269
    ],
    "avg_hops": [
      1.5453089817363022,
      1.5067846014674842,
      1.5056168404007693,
      1.5006108735491752,
      1.51222895899702
    ],
    "avg_otn_switching": [
      0.06796256033362504,
      0.07304069454453735,
      0.08518354437279771,
      0.09429997755437208,
      0.10593323549344925
    ],
    "multi_demand_lightpath_ratio": [
      0.5940379502799531,
      0.5781541564926775,
      0.5937605889216168,
      0.5901180951832701,
      0.5914605053981091
    ],
    "avg_lightpath_usage": [
      0.6793464193837891,
      0.6803699443828519,
      0.6842445330467724,
      0.6925532775300074,
      0.6985184659490251
    ],
    "spectrum_usage": [
      0.9979448561620866,
      1.1338775702423645,
      1.2312874136418532,
      1.3199764368543494,
      1.3901322528628144
    ]
  }
}