{
  "MinEn": {
    "blocking_ratio": [
      0.0,
      0.0,
      0.0,
      0.0001,
      0.0071,
      0.0278,
      0.06,
      0.0928,
      0.1349,
      0.1673
    ],
    "bitrate_blocking_ratio": [
      0.0,
      0.0,
      0.0,
      0.000130923056035068,
      0.009062784878871927,
      0.03733731598037124,
      0.07779738929728262,
      0.12411020811916908,
      0.17439435964078592,
      0.21433074073355704
    ],
    "bit_blocking_ratio": [
      0.0,
      0.0,
      0.0,
      3.1212521671170704e-05,
      0.008317482370289913,
      0.03686668701390232,
      0.0773220508053875,
      0.12692154159734234,
      0.17216629864036126,
      0.2127535706764266
    ],
    "avg_hops": [
      1.0027,
      1.0091,
      1.0223,
      1.0364036403640364,
      1.05398328129721,
      1.0711787698004527,
      1.0779787234042553,
      1.08586860670194,
      1.0930528262628598,
      1.0940314639125737
    ],
    "avg_otn_switching": [
      0.38717780335792984,
      0.4400424777834045,
      0.4928961108496478,
      0.5440522380791052,
      0.5885234126899864,
      0.6188157361838663,
      0.634075234048653,
      0.6365435199075626,
      0.6369598019429763,
      0.6320981564623505
    ],
    "multi_demand_lightpath_ratio": [
      0.3603583022087596,
      0.37348093411414485,
      0.38312783802348027,
      0.3946049961128945,
      0.4071805800103276,
      0.41182301612690086,
      0.41235332460760565,
      0.427531055677236,
      0.4187148298482725,
      0.41908204387862374
    ],
    "avg_lightpath_usage": [
      0.5543923443051395,
      0.5617949117177065,
      0.5674022862868577,
      0.5773916644459928,
      0.5816939017401737,
      0.578191584258375,
      0.5772748989062866,
      0.5614264848326828,
      0.550938926157239,
      0.5668394546214965
    ],
    "spectrum_usage": [
      0.279005600755051,
      0.30856247508014645,
      0.3325067315824871,
      0.35329141029469596,
      0.3699305671402664,
      0.3788935584202829,
      0.3835975976892112,
      0.3804386455690086,
      0.3792134261193574,
      0.37375756326482173
    ]
  },
  "MinPB": {
    "blocking_ratio": [
      0.0001,
      0.0101,
      0.0306,
      0.0595,
      0.096,
      0.1278,
      0.158,
      0.1891,
      0.2257
    ],
    "bitrate_blocking_ratio": [
      0.00017941307678879688,
      0.013761467889908258,
      0.04215722404329189,
      0.07719611303993638,
      0.12529336462556007,
      0.16349380297534769,
      0.20546191593770002,
      0.24439940260294432,
      0.29282153732761795
    ],
    "bit_blocking_ratio": [
      9.704355302549997e-05,
      0.014704866078514775,
      0.04078509039127333,
      0.07762033740815767,
      0.12381597566060655,
      0.1656873128732435,
      0.20371602076315365,
      0.24388226950736297,
      0.27982067374230535
    ],
    "avg_hops": [
      1.6823682368236823,
      1.6609758561470855,
      1.6181142975036105,
      1.5828814460393408,
      1.555641592920354,
      1.5287778032561339,
      1.4971496437054632,
      1.486003206313972,
      1.4659692625597314
    ],
    "avg_otn_switching": [
      0.5170247712273723,
      0.5740585307905989,
      0.6136318148138846,
      0.6390197768742519,
      0.6510585549155348,
      0.6592880256830204,
      0.6592067404330065,
      0.6589603075884625,
      0.6548703379481219
    ],
    "multi_demand_lightpath_ratio": [
      0.575084538158983,
      0.5720333309328763,
      0.5602918251008141,
      0.5460500239649332,
      0.5327725628170913,
      0.5223634682442747,
      0.5175829414363615,
      0.510297796001888,
      0.5072178450223688
    ],
    "avg_lightpath_usage": [
      0.6545319642014804,
      0.6527070840748466,
      0.6456257318004581,
      0.6373640286796622,
      0.6289018000081115,
      0.620459612841412,
      0.6113445335780501,
      0.6026031747443669,
      0.5975548901925076
    ],
    "spectrum_usage": [
      0.19405896962646144,
      0.21555541822449056,
      0.2353045128848376,
      0.24993533130231535,
      0.26029520186347005,
      0.26989587868035003,
      0.2763109310038593,
      0.2787185487410573,
      0.28445821572982577
    ]
  },
  "OneFrag": {
    "blocking_ratio": [],
    "bitrate_blocking_ratio": [],
    "bit_blocking_ratio": [],
    "avg_hops": [],
    "avg_otn_switching": [],
    "multi_demand_lightpath_ratio": [],
    "avg_lightpath_usage": [],
    "spectrum_usage": []
  },
  "description": "include_OTN_frag=OEFM, sp_algo=LOC-SP-algo, overlap_num=10, topology=cost_239",
  "traffic_intensities": [
    300,
    350,
    400,
    450,
    500,
    550,
    600,
    650,
    700,
    750
  ]
}