{
  "blocking_ratio": [
    0.0132,
    0.0201,
    0.0268,
    0.0438,
    0.0445,
    0.0511
  ],
  "avg_hops": [
    1.6279894608836645,
    1.6263904480048985,
    1.5789149198520345,
    1.5782263124869274,
    1.5767660910518053,
    1.5432606175571715
  ],
  "avg_otn_switching": [
    0.0,
    0.0,
    0.0,
    0.0,
    0.0,
    0.0
  ],
  "multi_demand_lightpath_ratio": [
    0,
    0,
    0,
    0,
    0,
    0
  ],
  "avg_lightpath_usage": [
    0,
    0,
    0,
    0,
    0,
    0
  ],
  "spectrum_usage": [
    0.0,
    0.0,
    0.0,
    0.0,
    0.0,
    0.0
  ]
}