{
  "blocking_ratio": [
    0.0152,
    0.0205,
    0.0332,
    0.0279,
    0.0563,
    0.0626
  ],
  "avg_hops": [
    1.634646628757108,
    1.6034711587544666,
    1.5925734381464625,
    1.5964406954017076,
    1.5826004026703402,
    1.557179432472797
  ],
  "avg_otn_switching": [
    0.0,
    0.0,
    0.0,
    0.0,
    0.0,
    0.0
  ],
  "multi_demand_lightpath_ratio": [
    0,
    0,
    0,
    0,
    0,
    0
  ],
  "avg_lightpath_usage": [
    0,
    0,
    0,
    0,
    0,
    0
  ],
  "spectrum_usage": [
    0.0,
    0.0,
    0.0,
    0.0,
    0.0,
    0.0
  ]
}