{
  "blocking_ratio": [
    0.0267,
    0.0385,
    0.0482,
    0.0607,
    0.0698,
    0.0712
  ],
  "avg_hops": [
    1.052501798006781,
    1.0817472698907957,
    1.0879386425719688,
    1.1046524007239433,
    1.1317996129864545,
    1.1392118863049097
  ],
  "avg_otn_switching": [
    0.0,
    0.0,
    0.0,
    0.0,
    0.0,
    0.0
  ],
  "multi_demand_lightpath_ratio": [
    0,
    0,
    0,
    0,
    0,
    0
  ],
  "avg_lightpath_usage": [
    0,
    0,
    0,
    0,
    0,
    0
  ],
  "spectrum_usage": [
    0.0,
    0.0,
    0.0,
    0.0,
    0.0,
    0.0
  ]
}