{
  "blocking_ratio": [
    0.0098,
    0.0149,
    0.0236,
    0.034,
    0.0417,
    0.0478
  ],
  "avg_hops": [
    1.5766511815794788,
    1.56309004162014,
    1.54926259729619,
    1.5332298136645963,
    1.536470833768131,
    1.5206889308968703
  ],
  "avg_otn_switching": [
    0.0,
    0.0,
    0.0,
    0.0,
    0.0,
    0.0
  ],
  "multi_demand_lightpath_ratio": [
    0,
    0,
    0,
    0,
    0,
    0
  ],
  "avg_lightpath_usage": [
    0,
    0,
    0,
    0,
    0,
    0
  ],
  "spectrum_usage": [
    0.0,
    0.0,
    0.0,
    0.0,
    0.0,
    0.0
  ]
}