{
  "MinEn": {
    "blocking_ratio": [
      0.0301,
      0.0436,
      0.0526,
      0.05965,
      0.07135
    ],
    "avg_hops": [
      1.0563460150530983,
      1.0813989962358845,
      1.1086130462317922,
      1.133035571861541,
      1.1495719592957518
    ],
    "avg_otn_switching": [
      0.015224957931238625,
      0.02283256750210468,
      0.029291417840338195,
      0.0373887946892063,
      0.04405859608986494
    ],
    "multi_demand_lightpath_ratio": [
      0.3133581218341528,
      0.3492523437098236,
      0.38972429090671684,
      0.4089007595769681,
      0.4310779912289215
    ],
    "avg_lightpath_usage": [
      0.63031014290724,
      0.6325853300486494,
      0.6441397757501784,
      0.6492699511441381,
      0.6526787399249873
    ],
    "spectrum_usage": [
      0.38036766414489015,
      0.4117664666236433,
      0.4399518837197764,
      0.46287804558886614,
      0.48369926485785814
    ]
  },
  "MaxMux": {
    "blocking_ratio": [
      0.011,
      0.0155,
      0.0307,
      0.0402,
      0.04795
    ],
    "avg_hops": [
      1.573963599595551,
      1.541594718131031,
      1.5376044568245126,
      1.523338195457387,
      1.5171472086550075
    ],
    "avg_otn_switching": [
      0.07942736748019376,
      0.0874535539220085,
      0.09536435381053952,
      0.10258698529750489,
      0.11141792158512531
    ],
    "multi_demand_lightpath_ratio": [
      0.6300505951931789,
      0.6300868762963866,
      0.6230802150499992,
      0.6237959672775696,
      0.627602856723881
    ],
    "avg_lightpath_usage": [
      0.6940374145478818,
      0.7013515782641394,
      0.7044069737272495,
      0.7110339679207031,
      0.7148396957856795
    ],
    "spectrum_usage": [
      0.3604573381039523,
      0.39663468515098543,
      0.4155366397921062,
      0.4417530452251796,
      0.46856253300264505
    ]
  },
  "MaxSE": {
    "blocking_ratio": [
      0.0151,
      0.0252,
      0.0374,
      0.0466,
      0.06065
    ],
    "avg_hops": [
      1.1188445527464717,
      1.146029954862536,
      1.1609702888011635,
      1.1752150199286764,
      1.1851280140522702
    ],
    "avg_otn_switching": [
      0.01658150920124282,
      0.02682947387358119,
      0.034462654241795294,
      0.038916421527074044,
      0.04653162271399565
    ],
    "multi_demand_lightpath_ratio": [
      0.3493096921183663,
      0.3752468357358106,
      0.40361190091379906,
      0.41921400410282317,
      0.4449237917221013
    ],
    "avg_lightpath_usage": [
      0.6274238109959566,
      0.6384525040495976,
      0.644452190744627,
      0.6490237905793779,
      0.6545204232930989
    ],
    "spectrum_usage": [
      0.3737748904519497,
      0.40868515048154963,
      0.4370667431221267,
      0.45985431930632775,
      0.47868451403672346
    ]
  },
  "MinPB": {
    "blocking_ratio": [
      0.00125,
      0.0055,
      0.0105,
      0.02035,
      0.0283
    ],
    "avg_hops": [
      1.523654568210263,
      1.513373554550025,
      1.5053562405255179,
      1.477058133006686,
      1.4888340022640734
    ],
    "avg_otn_switching": [
      0.06497458359510755,
      0.07402828457959865,
      0.08264516354890795,
      0.08568352949878755,
      0.09935333428752102
    ],
    "multi_demand_lightpath_ratio": [
      0.5778985327130787,
      0.5840779576857531,
      0.5878229222988579,
      0.5765560561594488,
      0.591448952971406
    ],
    "avg_lightpath_usage": [
      0.6635419031041285,
      0.6742877942412563,
      0.6820658606247446,
      0.6848496467336282,
      0.6952976549696362
    ],
    "spectrum_usage": [
      0.32091312839813496,
      0.3581024936753665,
      0.3885017974032211,
      0.41935736226076015,
      0.44289836408669925
    ]
  }
}