{
  "MinPB": {
    "blocking_ratio": [
      0.0,
      0.0051,
      0.0161,
      0.0378,
      0.0646,
      0.091,
      0.1199,
      0.1537,
      0.183,
      0.2075
    ],
    "bitrate_blocking_ratio": [
      0.0,
      0.007258029041891291,
      0.021524821481810938,
      0.04917375770401904,
      0.08379235683110053,
      0.12149989491742465,
      0.1559914174417525,
      0.1990312852820856,
      0.2380389147658125,
      0.2709077668242091
    ],
    "bit_blocking_ratio": [
      0.0,
      0.007512879195595926,
      0.01894842877442987,
      0.04779086300514039,
      0.08256750242259431,
      0.1151056915295204,
      0.15437343519926397,
      0.20252057591665898,
      0.2381681472742499,
      0.27271547165771354
    ],
    "avg_hops": [
      2.1933,
      2.1451402150969945,
      2.0887285293220854,
      2.0422988983579295,
      2.0107975197776353,
      1.955885588558856,
      1.9159186456084536,
      1.901217062507385,
      1.8842105263157896,
      1.8479495268138801
    ],
    "avg_otn_switching": [
      0.47755900340571783,
      0.5275476529075319,
      0.5673480905977409,
      0.5922654448705763,
      0.6115541123032672,
      0.6192033680998322,
      0.617958482550207,
      0.6127657582461218,
      0.6110114445766254,
      0.6022159999537288
    ],
    "multi_demand_lightpath_ratio": [
      0.5970891491388297,
      0.5754609524525788,
      0.5692287888580037,
      0.5505884666675648,
      0.5356161309251891,
      0.5253585690305193,
      0.5117421736923465,
      0.5005792709551877,
      0.492153670847256,
      0.4821297704202434
    ],
    "avg_lightpath_usage": [
      0.6677223289482065,
      0.6580880060880983,
      0.6550626758424342,
      0.6442191233908362,
      0.6343712904455912,
      0.619914786489899,
      0.6092900987168989,
      0.5992547737802761,
      0.5993445332105313,
      0.5857242931755784
    ],
    "spectrum_usage": [
      0.2564454382731944,
      0.2906978061569169,
      0.31813717667616825,
      0.3356323110584022,
      0.3551992590494261,
      0.38103947362983104,
      0.38559816737547437,
      0.3931961961978043,
      0.40576394793059,
      0.40665399232198207
    ]
  },
  "OneFrag": {
    "blocking_ratio": [
      0.0,
      0.0,
      0.0027,
      0.0113,
      0.0275,
      0.0623,
      0.0943,
      0.1222,
      0.1612,
      0.182
    ],
    "bitrate_blocking_ratio": [
      0.0,
      0.0,
      0.0037780851510989684,
      0.015014589371508447,
      0.03707215507255585,
      0.08187154510486264,
      0.126059989931623,
      0.16297574303155898,
      0.2126333693383708,
      0.24059022194417426
    ],
    "bit_blocking_ratio": [
      0.0,
      0.0,
      0.0033162957750349454,
      0.011198428143326167,
      0.03788522132148684,
      0.08027947696155496,
      0.12301205049737843,
      0.16545747627544408,
      0.21344990608163786,
      0.24567224873153257
    ],
    "avg_hops": [
      1.7047,
      1.7054,
      1.699588890003008,
      1.6914129665216953,
      1.6887403598971722,
      1.6872133944758452,
      1.707298222369438,
      1.699134199134199,
      1.7069623271340009,
      1.6831295843520782
    ],
    "avg_otn_switching": [
      0.4159074794610034,
      0.4659692492224987,
      0.5146184299264488,
      0.5512419182685094,
      0.5792445317865366,
      0.5905996814059958,
      0.6013282276601546,
      0.6020471795398384,
      0.5944478807769792,
      0.5876538560311574
    ],
    "multi_demand_lightpath_ratio": [
      0.4830114062210914,
      0.4849737279213208,
      0.48164074101883325,
      0.488079847229587,
      0.4707509846849631,
      0.45936781710129826,
      0.48248962580804505,
      0.46952167654372523,
      0.46685546319193577,
      0.460953140637361
    ],
    "avg_lightpath_usage": [
      0.6107531523530488,
      0.6160445955378752,
      0.6103850324228756,
      0.6095637741636866,
      0.6098509921373256,
      0.601005004551526,
      0.6036053028910268,
      0.5873724262479147,
      0.5796691122008332,
      0.5550765595006378
    ],
    "spectrum_usage": [
      0.32145841122856433,
      0.3563849111619657,
      0.3844262432920208,
      0.41171599555171284,
      0.4296372773756372,
      0.44720506523396353,
      0.4507345692640579,
      0.4533655863721967,
      0.44770200223451395,
      0.45674174865998945
    ]
  },
  "description": "include_OTN_frag=ABP, sp_algo=base, overlap_num=3, topology=nsfnet, sorted",
  "traffic_intensities": [
    300,
    350,
    400,
    450,
    500,
    550,
    600,
    650,
    700,
    750
  ]
}