{
  "MinEn": {
    "blocking_ratio": [
      0.0373,
      0.0509,
      0.0547,
      0.06625,
      0.07435
    ],
    "avg_hops": [
      1.1338942557390672,
      1.1761668949531134,
      1.230350153390458,
      1.2881392235609104,
      1.3413817317560632
    ],
    "avg_otn_switching": [
      0.33234937497054073,
      0.3818093129225966,
      0.43687424007003683,
      0.491221437370942,
      0.5417160168129977
    ],
    "multi_demand_lightpath_ratio": [
      0.3193750961062263,
      0.35894774801423307,
      0.4020215570499415,
      0.4447437251226278,
      0.4722587182085296
    ],
    "avg_lightpath_usage": [
      0.6507498614079141,
      0.6645136089924981,
      0.6667238504112514,
      0.6802816342259741,
      0.7032541870649567
    ],
    "spectrum_usage": [
      0.414034450798255,
      0.4463094185976957,
      0.4816927879878229,
      0.5117999887923294,
      0.5322128942980979
    ]
  },
  "MinPB": {
    "blocking_ratio": [
      0.00375
    ],
    "avg_hops": [
      1.5595984943538268
    ],
    "avg_otn_switching": [
      0.4149096498652536
    ],
    "multi_demand_lightpath_ratio": [
      0.5568956126825725
    ],
    "avg_lightpath_usage": [
      0.6996216234099087
    ],
    "spectrum_usage": [
      0.3620370107903165
    ]
  }
}