{
  "blocking_ratio": [
    0.01568,
    0.0239,
    0.03506,
    0.04498,
    0.05534
  ],
  "avg_hops": [
    1.6346919700910274,
    1.6185431820510194,
    1.595187265529463,
    1.5860400829302004,
    1.57423835030593
  ],
  "avg_otn_switching": [
    0.0,
    0.0,
    0.0,
    0.0,
    0.0
  ],
  "multi_demand_lightpath_ratio": [
    0,
    0,
    0,
    0,
    0
  ],
  "avg_lightpath_usage": [
    0,
    0,
    0,
    0,
    0
  ],
  "spectrum_usage": [
    0.0,
    0.0,
    0.0,
    0.0,
    0.0
  ]
}