{
  "blocking_ratio": [
    0.0117,
    0.02378,
    0.03668,
    0.04514,
    0.05376
  ],
  "avg_hops": [
    1.637033289486998,
    1.6140624039663192,
    1.599053274093759,
    1.5785141277255303,
    1.5594775109908692
  ],
  "avg_otn_switching": [
    0.0,
    0.0,
    0.0,
    0.0,
    0.0
  ],
  "multi_demand_lightpath_ratio": [
    0,
    0,
    0,
    0,
    0
  ],
  "avg_lightpath_usage": [
    0,
    0,
    0,
    0,
    0
  ],
  "spectrum_usage": [
    0.0,
    0.0,
    0.0,
    0.0,
    0.0
  ]
}