{
  "blocking_ratio": [
    0.03094,
    0.04414,
    0.05244,
    0.06492,
    0.07488
  ],
  "avg_hops": [
    1.0611107671351618,
    1.0914987550478104,
    1.1142513402845202,
    1.1363733584292253,
    1.1576444136976825
  ],
  "avg_otn_switching": [
    0.0,
    0.0,
    0.0,
    0.0,
    0.0
  ],
  "multi_demand_lightpath_ratio": [
    0,
    0,
    0,
    0,
    0
  ],
  "avg_lightpath_usage": [
    0,
    0,
    0,
    0,
    0
  ],
  "spectrum_usage": [
    0.0,
    0.0,
    0.0,
    0.0,
    0.0
  ]
}