{
  "blocking_ratio": [
    0.01056,
    0.0216,
    0.0317,
    0.04518,
    0.05074
  ],
  "avg_hops": [
    1.5690491591203104,
    1.549141455437449,
    1.5337808530414128,
    1.5188203012086048,
    1.5100393991108865
  ],
  "avg_otn_switching": [
    0.0,
    0.0,
    0.0,
    0.0,
    0.0
  ],
  "multi_demand_lightpath_ratio": [
    0,
    0,
    0,
    0,
    0
  ],
  "avg_lightpath_usage": [
    0,
    0,
    0,
    0,
    0
  ],
  "spectrum_usage": [
    0.0,
    0.0,
    0.0,
    0.0,
    0.0
  ]
}