{
  "MinEn": {
    "blocking_ratio": [
      0.0,
      0.0,
      0.0,
      0.0001,
      0.0071,
      0.0278,
      0.06,
      0.0928,
      0.1349,
      0.1673
    ],
    "bitrate_blocking_ratio": [
      0.0,
      0.0,
      0.0,
      0.000130923056035068,
      0.009062784878871927,
      0.03733731598037124,
      0.07779738929728262,
      0.12411020811916908,
      0.17439435964078592,
      0.21433074073355704
    ],
    "bit_blocking_ratio": [
      0.0,
      0.0,
      0.0,
      3.1212521671170704e-05,
      0.008317482370289913,
      0.03686668701390232,
      0.0773220508053875,
      0.12692154159734234,
      0.17216629864036126,
      0.2127535706764266
    ],
    "avg_hops": [
      1.0027,
      1.0091,
      1.0223,
      1.0364036403640364,
      1.05398328129721,
      1.0711787698004527,
      1.0779787234042553,
      1.08586860670194,
      1.0930528262628598,
      1.0940314639125737
    ],
    "avg_otn_switching": [
      0.38717780335792984,
      0.4400424777834045,
      0.4928961108496478,
      0.5440522380791052,
      0.5885234126899864,
      0.6188157361838663,
      0.634075234048653,
      0.6365435199075626,
      0.6369598019429763,
      0.6320981564623505
    ],
    "multi_demand_lightpath_ratio": [
      0.3603583022087596,
      0.37348093411414485,
      0.38312783802348027,
      0.3946049961128945,
      0.4071805800103276,
      0.41182301612690086,
      0.41235332460760565,
      0.427531055677236,
      0.4187148298482725,
      0.41908204387862374
    ],
    "avg_lightpath_usage": [
      0.5543923443051395,
      0.5617949117177065,
      0.5674022862868577,
      0.5773916644459928,
      0.5816939017401737,
      0.578191584258375,
      0.5772748989062866,
      0.5614264848326828,
      0.550938926157239,
      0.5668394546214965
    ],
    "spectrum_usage": [
      0.279005600755051,
      0.30856247508014645,
      0.3325067315824871,
      0.35329141029469596,
      0.3699305671402664,
      0.3788935584202829,
      0.3835975976892112,
      0.3804386455690086,
      0.3792134261193574,
      0.37375756326482173
    ]
  },
  "MinPB": {
    "blocking_ratio": [
      0.0006,
      0.0118,
      0.0337,
      0.0617,
      0.0972,
      0.1278,
      0.1595,
      0.194,
      0.2234,
      0.2377
    ],
    "bitrate_blocking_ratio": [
      0.0008000853424365266,
      0.015410128595535038,
      0.04414531489419477,
      0.08045949143666234,
      0.12563279477083616,
      0.16441026436759315,
      0.20615532323447835,
      0.24985452993773882,
      0.28820528735186296,
      0.3067333242818628
    ],
    "bit_blocking_ratio": [
      0.0007261649289402459,
      0.012021997206616898,
      0.03699694006514455,
      0.07426478045769738,
      0.12212231191720753,
      0.16319017057527443,
      0.20206699008393583,
      0.2438349793967744,
      0.2815829088861662,
      0.3114787965284117
    ],
    "avg_hops": [
      1.6824094456674004,
      1.6710180125480671,
      1.6221670288730208,
      1.5858467441116915,
      1.5518387239698714,
      1.5253382251777114,
      1.4963712076145153,
      1.4792803970223325,
      1.466778264228689,
      1.4346057982421618
    ],
    "avg_otn_switching": [
      0.5167463324147493,
      0.5769290758592913,
      0.616293519570298,
      0.6419203136873067,
      0.6519241144165019,
      0.6581076360491035,
      0.6612766791551993,
      0.6571487492522119,
      0.6538296028122077,
      0.6469404430668291
    ],
    "multi_demand_lightpath_ratio": [
      0.574910029948917,
      0.5721986334793258,
      0.5588987136360153,
      0.5462747879249426,
      0.5403691678700612,
      0.5198434317115914,
      0.5155910062567806,
      0.5061629470975207,
      0.5070697778388032,
      0.5036353873004559
    ],
    "avg_lightpath_usage": [
      0.654525460171038,
      0.6498955622389961,
      0.6451306892532674,
      0.6390960863838173,
      0.6273161406158155,
      0.6202018149152205,
      0.606159765576708,
      0.5988720140527366,
      0.5991607238064488,
      0.5885465437251999
    ],
    "spectrum_usage": [
      0.19401706827004006,
      0.21658499839279619,
      0.23636242501850177,
      0.2505826973642501,
      0.26184024002622125,
      0.27164265683976846,
      0.2771940184836469,
      0.27915480896301476,
      0.28389031134404863,
      0.2849995688046732
    ]
  },
  "OneFrag": {
    "blocking_ratio": [
      0.0,
      0.0016,
      0.015,
      0.0357,
      0.0678,
      0.0949,
      0.1329,
      0.1628,
      0.1936,
      0.2153
    ],
    "bitrate_blocking_ratio": [
      0.0,
      0.0020608258820334776,
      0.01918750121225052,
      0.047825707469402796,
      0.08995383750024245,
      0.12380956999049596,
      0.17333727718835465,
      0.21433074073355704,
      0.2517213957367574,
      0.2789049013712978
    ],
    "bit_blocking_ratio": [
      0.0,
      0.0013885938548792458,
      0.01640384825404162,
      0.043787384680983574,
      0.08704353719374042,
      0.12238986883622814,
      0.1696806878501922,
      0.20714778906993198,
      0.25145352546688104,
      0.28254416908379093
    ],
    "avg_hops": [
      1.4233,
      1.4145633012820513,
      1.413502538071066,
      1.39479415119776,
      1.379746835443038,
      1.3660369019997791,
      1.3703148425787106,
      1.3465121834687053,
      1.3435019841269842,
      1.3234357079138523
    ],
    "avg_otn_switching": [
      0.4773828984888743,
      0.5370398504026788,
      0.5892842142632213,
      0.6214638222037322,
      0.6387244418299464,
      0.6544991803581657,
      0.6581495771035882,
      0.6559662585213242,
      0.6511222174568978,
      0.6427748931972797
    ],
    "multi_demand_lightpath_ratio": [
      0.4778050410452349,
      0.47262699898550653,
      0.4759649655264119,
      0.4747519019076877,
      0.4688487218497732,
      0.4603576647835832,
      0.4637621769951155,
      0.4599637125692059,
      0.4631933685401884,
      0.4600760232541811
    ],
    "avg_lightpath_usage": [
      0.6113424195572769,
      0.6138369032677401,
      0.614781697043967,
      0.6084781263448155,
      0.6022547207515255,
      0.5968439290551149,
      0.5973640309284007,
      0.5819455006351415,
      0.5658957270010035,
      0.5701947315341788
    ],
    "spectrum_usage": [
      0.22272178495505032,
      0.24870688265738888,
      0.2662000350413619,
      0.2852517071190343,
      0.29451504816701707,
      0.30709046817321106,
      0.30737056779894134,
      0.31362073965001963,
      0.3122167964567963,
      0.3128985543526026
    ]
  },
  "description": "include_OTN_frag=OEFM, sp_algo=LOC-SP-algo, overlap_num=1, topology=cost_239",
  "traffic_intensities": [
    300,
    350,
    400,
    450,
    500,
    550,
    600,
    650,
    700,
    750
  ]
}