{
  "MinEn": {
    "blocking_ratio": [
      0.00023333333333333333,
      0.0004,
      0.0012,
      0.0037333333333333333,
      0.0149
    ],
    "avg_hops": [
      1.1741406328143233,
      1.2291583299986661,
      1.2932519022827393,
      1.3646614025695931,
      1.415287788041823
    ],
    "avg_otn_switching": [
      0.3755523994489362,
      0.44708223783644957,
      0.5238092688257139,
      0.6033833429292383,
      0.6701376825146755
    ],
    "multi_demand_lightpath_ratio": [
      0.3992625003335576,
      0.4381474214034778,
      0.4731707847341708,
      0.5019251510170682,
      0.5335826657053846
    ],
    "avg_lightpath_usage": [
      0.598833663581891,
      0.621628321380302,
      0.6463571549245647,
      0.6655951665965161,
      0.6771416117643351
    ],
    "spectrum_usage": [
      0.48982828997570893,
      0.5373472235314983,
      0.5790365903376259,
      0.6183550314035628,
      0.6513197853050211
    ]
  },
  "MinPB": {
    "blocking_ratio": [
      0.0005333333333333334,
      0.0032333333333333333,
      0.0115,
      0.029666666666666668,
      0.052866666666666666
    ],
    "avg_hops": [
      2.1696237993596585,
      2.1335986355884025,
      2.0839993255774742,
      2.0116454826520096,
      1.965193214612515
    ],
    "avg_otn_switching": [
      0.5415366315647847,
      0.6195975252796417,
      0.6871027660623036,
      0.7358301702436276,
      0.7756928721188943
    ],
    "multi_demand_lightpath_ratio": [
      0.6733984778758589,
      0.6736046309443363,
      0.6749310042571115,
      0.6642360589762123,
      0.6569118882754321
    ],
    "avg_lightpath_usage": [
      0.7209190354668527,
      0.7241360209220689,
      0.73150745180683,
      0.729289100419156,
      0.7287805716123708
    ],
    "spectrum_usage": [
      0.31197016997022353,
      0.3583715710846445,
      0.4010656264416239,
      0.44375022777277756,
      0.4805582676409336
    ]
  },
  "OneFrag": {
    "blocking_ratio": [
      0.0,
      3.3333333333333335e-05,
      0.0008,
      0.007633333333333333,
      0.026233333333333334
    ],
    "avg_hops": [
      1.6839666666666666,
      1.6272875762525418,
      1.647251134240726,
      1.6512713714688791,
      1.6697360764043405
    ],
    "avg_otn_switching": [
      0.4712876472015515,
      0.5343878002195825,
      0.6097058427514785,
      0.6753018529757319,
      0.7329313277334362
    ],
    "multi_demand_lightpath_ratio": [
      0.5309197538061514,
      0.5348929307977307,
      0.5515224361325908,
      0.5750543494510164,
      0.5795676769249745
    ],
    "avg_lightpath_usage": [
      0.6510070925624183,
      0.6550390099689024,
      0.6705929107712896,
      0.6815719256445821,
      0.6902177586934654
    ],
    "spectrum_usage": [
      0.3828963078786119,
      0.44407220742122816,
      0.4871497540351024,
      0.5302042040434155,
      0.5667169614844304
    ]
  },
  "description": "include_OTN_frag=OEFM, sp_algo=LOC-SP-algo, overlap_num=0"
}