{
  "MinPB": {
    "blocking_ratio": [
      0.0003,
      0.003,
      0.0124,
      0.0323,
      0.0598,
      0.091,
      0.1281,
      0.1547,
      0.1801,
      0.2077
    ],
    "bitrate_blocking_ratio": [
      0.00033724175346161553,
      0.004301054247046691,
      0.01683764986485892,
      0.04408580603222858,
      0.07992629557040289,
      0.11861134598560125,
      0.16564435168938568,
      0.20463731848817943,
      0.2358443995874898,
      0.2720221308791257
    ],
    "bit_blocking_ratio": [
      0.0005444057981337229,
      0.005222086407006372,
      0.014070794301828194,
      0.0410853570198433,
      0.07640988593084251,
      0.11558968077796154,
      0.16538687630959303,
      0.20371283568234652,
      0.24354507440326714,
      0.2848375312961127
    ],
    "avg_hops": [
      2.198659597879364,
      2.147743229689067,
      2.11077359254759,
      2.0453652991629636,
      2.0091469900021273,
      1.9672167216721672,
      1.951141185915816,
      1.9165976576363422,
      1.9040126844737164,
      1.891707686482393
    ],
    "avg_otn_switching": [
      0.47766756278396766,
      0.5292918306439517,
      0.5732210376144101,
      0.5990610866968032,
      0.6164012584343226,
      0.6218677943938455,
      0.6204202804113995,
      0.6185802552577054,
      0.6111117406635338,
      0.5997694996181864
    ],
    "multi_demand_lightpath_ratio": [
      0.5697929978926295,
      0.5565133281198199,
      0.5432345741893991,
      0.5294196879084578,
      0.5126839359652545,
      0.500291907532415,
      0.4854471331768366,
      0.4797809495014499,
      0.47466396972139446,
      0.4777527850250798
    ],
    "avg_lightpath_usage": [
      0.6834237328272993,
      0.6738833827227471,
      0.6654079086936694,
      0.6573216115516756,
      0.6500277637406179,
      0.634322657177431,
      0.6224207415962139,
      0.6219207929702001,
      0.5986006595068966,
      0.6059506300434
    ],
    "spectrum_usage": [
      0.27053667376182083,
      0.3026576314472179,
      0.3320694379435819,
      0.3576065082215983,
      0.37558799009984123,
      0.39147661531930467,
      0.39536634620281275,
      0.4026934441753241,
      0.4062147580656591,
      0.4033962451503743
    ]
  },
  "OneFrag": {
    "blocking_ratio": [
      0.0,
      0.0,
      0.0023,
      0.0114,
      0.0363,
      0.0656,
      0.101,
      0.1349,
      0.166,
      0.1965
    ],
    "bitrate_blocking_ratio": [
      0.0,
      0.0,
      0.003157364822263821,
      0.015684185316787308,
      0.04892449206015611,
      0.08832801403707705,
      0.1337285741516415,
      0.17946148845802318,
      0.22088357339406944,
      0.2634249099466767
    ],
    "bit_blocking_ratio": [
      0.0,
      0.0,
      0.002967188157477641,
      0.01525504178226013,
      0.0487356925535868,
      0.08849818562890897,
      0.1361662022999808,
      0.1817042235110803,
      0.21859982660847396,
      0.2642925014538047
    ],
    "avg_hops": [
      1.7636,
      1.7341,
      1.734389094918312,
      1.7314383977341696,
      1.7488845076268549,
      1.7511772260273972,
      1.7529477196885428,
      1.763957923939429,
      1.7479616306954437,
      1.7593030491599253
    ],
    "avg_otn_switching": [
      0.42123125046442866,
      0.4695790877770126,
      0.5170874902075988,
      0.5561277515974701,
      0.5843380908743147,
      0.5990861759455732,
      0.5996029390327569,
      0.600936108274156,
      0.599742042372065,
      0.5908692192127257
    ],
    "multi_demand_lightpath_ratio": [
      0.4689559845355459,
      0.4753743641185048,
      0.47281781681187823,
      0.4609586193406559,
      0.45818579549597677,
      0.4667147608316283,
      0.4700977957771069,
      0.447230109559516,
      0.4558687174475352,
      0.43639103067107166
    ],
    "avg_lightpath_usage": [
      0.6561369661424147,
      0.6456072960686146,
      0.643210526116089,
      0.6437995293667697,
      0.6354993586424816,
      0.6258611250773224,
      0.6305440553275679,
      0.6151143920594445,
      0.5894747333778125,
      0.6022507559991966
    ],
    "spectrum_usage": [
      0.31024627905800894,
      0.3488853006114176,
      0.3779065041262249,
      0.4072225227044734,
      0.4263110582628542,
      0.4367989996462938,
      0.43983974669015846,
      0.443442682206829,
      0.4425617560365491,
      0.43584114831419224
    ]
  },
  "description": "include_OTN_frag=None, sp_algo=LOC-SP-algo, overlap_num=100, topology=nsfnet",
  "traffic_intensities": [
    300,
    350,
    400,
    450,
    500,
    550,
    600,
    650,
    700,
    750
  ]
}