{
  "MinPB": {
    "blocking_ratio": [
      0.0002,
      0.0033,
      0.015,
      0.0354,
      0.0615,
      0.0842,
      0.122,
      0.1515,
      0.178,
      0.2052
    ],
    "bitrate_blocking_ratio": [
      0.00016617709590862215,
      0.004599195507353337,
      0.019369406796643222,
      0.046705539073611566,
      0.08088425765269965,
      0.11169055869717157,
      0.1592172081270375,
      0.19574684385706814,
      0.2318854746555491,
      0.26800944276909694
    ],
    "bit_blocking_ratio": [
      2.9419794386369264e-05,
      0.004729903253180315,
      0.016980712403964267,
      0.043430919239595515,
      0.07729004729938435,
      0.11155254821830513,
      0.15905199797246067,
      0.19505413218774043,
      0.23203927995220727,
      0.2730359219331786
    ],
    "avg_hops": [
      2.200240048009602,
      2.145179091000301,
      2.1090355329949237,
      2.0489321998755963,
      1.9998934469898775,
      1.9436558200480454,
      1.932232346241458,
      1.8883912787271655,
      1.867639902676399,
      1.8638651233014596
    ],
    "avg_otn_switching": [
      0.4781465376849573,
      0.5292702357990822,
      0.5717902679877355,
      0.5971661867968455,
      0.611395135732364,
      0.6209863801974506,
      0.620442997360516,
      0.6179965054051362,
      0.6114136225045833,
      0.6015682056306432
    ],
    "multi_demand_lightpath_ratio": [
      0.5950651001505148,
      0.5876701673512148,
      0.5722641453133085,
      0.553105038384165,
      0.5324083459198505,
      0.5217073549567409,
      0.5094307814099296,
      0.5014835068683617,
      0.4882885363699559,
      0.4915823739845056
    ],
    "avg_lightpath_usage": [
      0.664837282953655,
      0.6572638417738446,
      0.6500795254758097,
      0.6433738928449454,
      0.632581613427934,
      0.6188482113783688,
      0.6093826749777319,
      0.6044196936856573,
      0.5973760416065788,
      0.5695160713788641
    ],
    "spectrum_usage": [
      0.26071698621948564,
      0.2924267423028764,
      0.3227121407581301,
      0.3438509706392399,
      0.359678222892849,
      0.38133032330586847,
      0.39059219395674305,
      0.40061834357716103,
      0.4039577262453928,
      0.4023758393924549
    ]
  },
  "OneFrag": {
    "blocking_ratio": [
      0.0,
      0.0001,
      0.0015,
      0.009,
      0.0393,
      0.0608,
      0.089,
      0.1237,
      0.1559,
      0.1816
    ],
    "bitrate_blocking_ratio": [
      0.0,
      0.00019550246577484958,
      0.0019354744111710108,
      0.013137765700069892,
      0.052130732498863644,
      0.0802293243923539,
      0.11760450828686077,
      0.16195913020952976,
      0.20472040703613376,
      0.2388013743823344
    ],
    "bit_blocking_ratio": [
      0.0,
      0.00011491011578610582,
      0.001425363297487319,
      0.012877524818484276,
      0.04639997332871636,
      0.07912802779808997,
      0.11738940415446784,
      0.167365734437091,
      0.2097765120841218,
      0.249413389339599
    ],
    "avg_hops": [
      1.7116,
      1.6532653265326533,
      1.7112669003505259,
      1.6676084762865793,
      1.6924117830748413,
      1.6956984667802386,
      1.6819978046103183,
      1.6958804062535662,
      1.7028788058286932,
      1.7041788856304985
    ],
    "avg_otn_switching": [
      0.41512296350956945,
      0.45880734704293413,
      0.5155621457470752,
      0.5498600718695446,
      0.5778895747389518,
      0.5950226126431786,
      0.6025309625038977,
      0.6020948564790812,
      0.5979295732172847,
      0.590600480251621
    ],
    "multi_demand_lightpath_ratio": [
      0.4801748817168933,
      0.47094813930594887,
      0.49764137365362016,
      0.45854213998215804,
      0.46842526194437006,
      0.47948333039462837,
      0.4555923853560052,
      0.45644759943449137,
      0.45157879764071246,
      0.45898964878059034
    ],
    "avg_lightpath_usage": [
      0.608128399791737,
      0.6111246108849477,
      0.6178452099464401,
      0.6043923297766034,
      0.6057270268631717,
      0.608413903491358,
      0.5955820877580906,
      0.5877323577035578,
      0.5615879880248236,
      0.5746269284720438
    ],
    "spectrum_usage": [
      0.32442229051808796,
      0.3652754481912388,
      0.38459168876538974,
      0.42153480467557153,
      0.4344310027443445,
      0.4473708232013934,
      0.45635000839175055,
      0.45734033088818604,
      0.45851236324921524,
      0.44386798234593505
    ]
  },
  "description": "include_OTN_frag=EONz, sp_algo=LOC-SP-algo, overlap_num=3, topology=nsfnet, sorted",
  "traffic_intensities": [
    300,
    350,
    400,
    450,
    500,
    550,
    600,
    650,
    700,
    750
  ]
}