{
  "MinEn": {
    "blocking_ratio": [
      0.0454,
      0.0638,
      0.07755,
      0.0905,
      0.1028
    ],
    "avg_hops": [
      1.0324219568405615,
      1.0512710959196754,
      1.071873814298878,
      1.0838372732270478,
      1.1038230049041462
    ],
    "avg_otn_switching": [
      0.007164436103452219,
      0.01184087398225963,
      0.015561255468446354,
      0.018356827450483428,
      0.02313297141228174
    ],
    "multi_demand_lightpath_ratio": [
      0.3090452036682485,
      0.34340867225133964,
      0.3730355878302283,
      0.39359345531800133,
      0.41933040917159276
    ],
    "avg_lightpath_usage": [
      0.6139871353176548,
      0.6155086377025116,
      0.6129796131976727,
      0.6124666209650604,
      0.6143898623451484
    ],
    "spectrum_usage": [
      0.3656804635959544,
      0.3918292655786676,
      0.4143057733386245,
      0.4309886249679584,
      0.44623221939666646
    ]
  },
  "MinPB": {
    "blocking_ratio": [
      0.01485,
      0.0272,
      0.0359,
      0.05265,
      0.06495
    ],
    "avg_hops": [
      1.450794295284982,
      1.4492701480263157,
      1.4375064827300073,
      1.4286166675463134,
      1.4462328217742366
    ],
    "avg_otn_switching": [
      0.05174020047990787,
      0.05844962520480589,
      0.06362965076953225,
      0.06674158436579151,
      0.07618195336087338
    ],
    "multi_demand_lightpath_ratio": [
      0.5695740090070288,
      0.5734429465425319,
      0.5786851330765427,
      0.5918390842950251,
      0.5911745625683819
    ],
    "avg_lightpath_usage": [
      0.6413911555716756,
      0.6507245750178563,
      0.6527361887359464,
      0.6538377729714613,
      0.6600472587044751
    ],
    "spectrum_usage": [
      0.3321622456395532,
      0.3600475870587367,
      0.3862035512511167,
      0.4004151466780049,
      0.41760562570149157
    ]
  }
}