{
  "MinPB": {
    "blocking_ratio": [
      0.0006,
      0.0132,
      0.0329,
      0.0605,
      0.0925,
      0.1305,
      0.1616,
      0.1911,
      0.2201,
      0.2438
    ],
    "bitrate_blocking_ratio": [
      0.0007321993133813061,
      0.016525399072870803,
      0.04458172508097834,
      0.07841321256085497,
      0.12114746785111624,
      0.17033574490369882,
      0.20997148786779682,
      0.24919991465756347,
      0.2848255329053281,
      0.314278371511143
    ],
    "bit_blocking_ratio": [
      0.00022791041716091416,
      0.015311013473908414,
      0.03804462161351276,
      0.07409353970912608,
      0.11709866720653084,
      0.1637891710716778,
      0.20592771013861458,
      0.24614406491394963,
      0.2794918778117756,
      0.3112016899271562
    ],
    "avg_hops": [
      1.6824094456674004,
      1.670551276854479,
      1.626202047358081,
      1.5895689196381053,
      1.5449035812672176,
      1.5316848763657274,
      1.5096612595419847,
      1.4852268512795155,
      1.457494550583408,
      1.445781539275324
    ],
    "avg_otn_switching": [
      0.5169109013790057,
      0.5750020531419957,
      0.6161103517612795,
      0.6414375719803433,
      0.6531221473101365,
      0.6597555152784605,
      0.6604950868557341,
      0.6564622987116325,
      0.6530771063666803,
      0.6490665524901763
    ],
    "multi_demand_lightpath_ratio": [
      0.5739812281393674,
      0.5696942633801212,
      0.5564797068411271,
      0.5553913811575806,
      0.5397481067185392,
      0.5313462580889762,
      0.5232589783927797,
      0.5268446757625616,
      0.508909249639893,
      0.5086849233632871
    ],
    "avg_lightpath_usage": [
      0.6602908427101003,
      0.6570076248936804,
      0.6473272785437395,
      0.6504869073304792,
      0.6360730670219494,
      0.630793989227497,
      0.6151863517863935,
      0.6024398423291697,
      0.6062296016792929,
      0.5850714235088008
    ],
    "spectrum_usage": [
      0.18521868112436304,
      0.20550865684072925,
      0.22733580009679424,
      0.23877748475383218,
      0.25328613815771567,
      0.2629793481005067,
      0.26651228476304883,
      0.2680135572838548,
      0.27372931382157834,
      0.2765095463960596
    ]
  },
  "OneFrag": {
    "blocking_ratio": [
      0.0,
      0.0015,
      0.0146,
      0.0338,
      0.0733,
      0.0936,
      0.1366,
      0.1593,
      0.1998,
      0.2248
    ],
    "bitrate_blocking_ratio": [
      0.0,
      0.0020365808716566133,
      0.019347518280737823,
      0.04467385612041042,
      0.09431309036600267,
      0.12407626510464147,
      0.1749713908877553,
      0.2068778245437089,
      0.2589900498477413,
      0.2895048199080629
    ],
    "bit_blocking_ratio": [
      0.0,
      0.001605318700898388,
      0.016719890303127607,
      0.042572644716204824,
      0.08582402557180753,
      0.12266822465642692,
      0.1681284683597945,
      0.21141635692299202,
      0.24528151951353927,
      0.27898751554273055
    ],
    "avg_hops": [
      1.4499,
      1.4014021031547321,
      1.4223665516541506,
      1.3843924653280895,
      1.3744469623394842,
      1.3596646072374228,
      1.356613388927496,
      1.350303318663019,
      1.3319170207448139,
      1.3169504643962848
    ],
    "avg_otn_switching": [
      0.4834447570143956,
      0.5353564840356198,
      0.5902774934043716,
      0.6191424337958151,
      0.6388029150727095,
      0.652817955104684,
      0.6565656273483718,
      0.6553622420174209,
      0.6537217221568924,
      0.6460147051656228
    ],
    "multi_demand_lightpath_ratio": [
      0.4874080441892765,
      0.4684003206835273,
      0.4805302228598305,
      0.4653139338997384,
      0.4628290580258766,
      0.4593774695081517,
      0.4558260483728107,
      0.468457843441214,
      0.46118879968432036,
      0.45116822593514005
    ],
    "avg_lightpath_usage": [
      0.622592939228812,
      0.6167187248637376,
      0.6180688692299129,
      0.6104925737075307,
      0.6028916314290208,
      0.5975248790669264,
      0.5906498204799283,
      0.5948970169243832,
      0.5857549004137528,
      0.5741928372102797
    ],
    "spectrum_usage": [
      0.2116213447346241,
      0.2389135881669974,
      0.25602472195928816,
      0.2788584567753285,
      0.292894312656868,
      0.3000818702164217,
      0.2992583179125675,
      0.30028067373588635,
      0.30640908359569136,
      0.3124426437282949
    ]
  },
  "description": "include_OTN_frag=EONz, sp_algo=base, overlap_num=3, topology=cost_239, sorted",
  "traffic_intensities": [
    300,
    350,
    400,
    450,
    500,
    550,
    600,
    650,
    700,
    750
  ]
}