{
  "MinPB": {
    "blocking_ratio": [
      0.0005,
      0.0125,
      0.0322
    ],
    "bitrate_blocking_ratio": [
      0.000693407296778323,
      0.01656904009154916,
      0.04333068254553213
    ],
    "bit_blocking_ratio": [
      0.0007128926526687627,
      0.016266321556621825,
      0.04105865684714469
    ],
    "avg_hops": [
      1.6823411705852926,
      1.6713924050632911,
      1.6267823930564167
    ],
    "avg_otn_switching": [
      0.5167103628297366,
      0.5742809608752663,
      0.6144934514321423
    ],
    "multi_demand_lightpath_ratio": [
      0.5771347465762667,
      0.5733912542638822,
      0.5595475915124619
    ],
    "avg_lightpath_usage": [
      0.6619917799917671,
      0.6549627412468669,
      0.6495946093372325
    ],
    "spectrum_usage": [
      0.1856741760132159,
      0.20693510763247405,
      0.22398837047454304
    ]
  },
  "OneFrag": {
    "blocking_ratio": [],
    "bitrate_blocking_ratio": [],
    "bit_blocking_ratio": [],
    "avg_hops": [],
    "avg_otn_switching": [],
    "multi_demand_lightpath_ratio": [],
    "avg_lightpath_usage": [],
    "spectrum_usage": []
  },
  "description": "include_OTN_frag=ABP, sp_algo=base, overlap_num=3, topology=cost_239, sorted",
  "traffic_intensities": [
    300,
    350,
    400,
    450,
    500,
    550,
    600,
    650,
    700,
    750
  ]
}