{
  "MinPB": {
    "blocking_ratio": [
      0.0045,
      0.0106,
      0.0177,
      0.0284,
      0.0474,
      0.068,
      0.091,
      0.1159,
      0.1502,
      0.1785
    ],
    "bitrate_blocking_ratio": [
      0.0077809981378390135,
      0.018313693481459035,
      0.030219793647147376,
      0.04791765436141563,
      0.07726746203586493,
      0.1071988895459944,
      0.14167574938538913,
      0.17575182916994542,
      0.22051700627074158,
      0.2565969863294901
    ],
    "bit_blocking_ratio": [
      0.007527506236888106,
      0.016335534077462095,
      0.02814155209188624,
      0.04464772566102762,
      0.07186578675348006,
      0.10358488279190944,
      0.13802835813049646,
      0.17135776840985634,
      0.2188114337207413,
      0.2532534143502812
    ],
    "avg_hops": [
      1.5627322953289804,
      1.5870224378411157,
      1.5829176422681461,
      1.593248250308769,
      1.5969976905311778,
      1.6109442060085837,
      1.5972497249724973,
      1.5981223843456622,
      1.6043775005883738,
      1.6090079123554473
    ],
    "avg_otn_switching": [
      0.3785987095563732,
      0.4268002535838486,
      0.4666022896272562,
      0.5032760541906955,
      0.5295536681319379,
      0.5488820083717675,
      0.5579699901195213,
      0.563986650529078,
      0.560813790379277,
      0.5573351378353469
    ],
    "multi_demand_lightpath_ratio": [
      0.5418019270623088,
      0.5361747303490791,
      0.5294500966290571,
      0.5363398835383075,
      0.5359066347236159,
      0.5345694144541459,
      0.5232816151919896,
      0.5196268722662081,
      0.5109025602001039,
      0.5005886298688847
    ],
    "avg_lightpath_usage": [
      0.6296834039274978,
      0.6242186337848963,
      0.6242768084207965,
      0.6172867637903149,
      0.6149389277704856,
      0.6090122896517739,
      0.6081881125182133,
      0.5919256632147569,
      0.5923908717549602,
      0.576912647003456
    ],
    "spectrum_usage": [
      0.34240699619753895,
      0.37559218075434225,
      0.3992874138214137,
      0.419740131607565,
      0.4358673470660081,
      0.4432304388852835,
      0.44678918939419626,
      0.45344919165606773,
      0.45290965416945983,
      0.4471146556052953
    ]
  },
  "OneFrag": {
    "blocking_ratio": [
      0.0041,
      0.0114,
      0.0228,
      0.0327,
      0.0474,
      0.0649,
      0.0829,
      0.1112,
      0.1377,
      0.1711
    ],
    "bitrate_blocking_ratio": [
      0.007086964384338298,
      0.01975552416654855,
      0.038890328004261954,
      0.05557646345814537,
      0.07933978817307834,
      0.10295159847703579,
      0.13133855650754395,
      0.1716071768955186,
      0.2057956705978954,
      0.25043377109593795
    ],
    "bit_blocking_ratio": [
      0.006633014668434507,
      0.019110295967969676,
      0.03883367707648559,
      0.052588623234144385,
      0.07360632748958375,
      0.09948456592916043,
      0.13424740900250617,
      0.17431268331547067,
      0.20771629695796395,
      0.24377016464647805
    ],
    "avg_hops": [
      1.4514509488904508,
      1.4510418774023872,
      1.4828080229226361,
      1.5025328233226507,
      1.5281335292882636,
      1.5291412683135495,
      1.539526769163668,
      1.5453420342034203,
      1.5597819784297808,
      1.5664133188563156
    ],
    "avg_otn_switching": [
      0.36281083709528217,
      0.40601523333388856,
      0.4462706002716784,
      0.4826042513645729,
      0.5161309995718382,
      0.5365427634964447,
      0.546343824617076,
      0.5521960400044318,
      0.5543404423964502,
      0.558049514438706
    ],
    "multi_demand_lightpath_ratio": [
      0.4707458381926731,
      0.473304131646552,
      0.4837644864844834,
      0.4980460057598595,
      0.5103571082135694,
      0.5012720473028517,
      0.5189221600942403,
      0.49471940596316744,
      0.49442799795845516,
      0.5342230487592311
    ],
    "avg_lightpath_usage": [
      0.5939917796085195,
      0.5929147035959913,
      0.600944859678236,
      0.6038589799180042,
      0.5999418664795109,
      0.5988972282785521,
      0.5976820680528132,
      0.583184839612904,
      0.5716957081596029,
      0.5669838432544627
    ],
    "spectrum_usage": [
      0.3705719897477609,
      0.4036939174751491,
      0.4178027610915845,
      0.4431435000640751,
      0.4524730761571615,
      0.4658564491397739,
      0.47002232358764556,
      0.4743384960378254,
      0.4776395597189421,
      0.46577800016613224
    ]
  },
  "description": "include_OTN_frag=OEFM, sp_algo=base, overlap_num=0, topology=nsfnet",
  "traffic_intensities": [
    300,
    350,
    400,
    450,
    500,
    550,
    600,
    650,
    700,
    750
  ]
}