{
  "MinEn": {
    "blocking_ratio": [
      0.0,
      0.0004,
      0.0012,
      0.0043,
      0.0187,
      0.0418,
      0.0766,
      0.1062,
      0.1399,
      0.1603
    ],
    "bitrate_blocking_ratio": [
      0.0,
      0.0007038088767894585,
      0.0020869888221465194,
      0.007228703672025064,
      0.02799595309895846,
      0.06188141797938426,
      0.10805910039540374,
      0.15045869766032424,
      0.1994076275287022,
      0.22388453624371338
    ],
    "bit_blocking_ratio": [
      0.0,
      0.0014430967809126107,
      0.0036448420195287694,
      0.0077436036554333195,
      0.028850047485910687,
      0.06510580800006296,
      0.1048586346318224,
      0.1513289598192318,
      0.20006420725871615,
      0.229238849935027
    ],
    "avg_hops": [
      1.1753,
      1.2341936774709883,
      1.304164997997597,
      1.357838706437682,
      1.41220829511872,
      1.4691087455646004,
      1.506930907515703,
      1.521369433877825,
      1.5338914079758168,
      1.540192926045016
    ],
    "avg_otn_switching": [
      0.32845369224526016,
      0.38085678465192774,
      0.43388645196162356,
      0.48203957488435767,
      0.5212337209380292,
      0.5512444476192034,
      0.5684746811426493,
      0.5690050230058722,
      0.5697441067795951,
      0.5673185945056195
    ],
    "multi_demand_lightpath_ratio": [
      0.3501162479723315,
      0.3756035659303967,
      0.40968090088773307,
      0.41322865051349483,
      0.4372946919012758,
      0.4463680188227761,
      0.43881462274352023,
      0.4619882868551862,
      0.45881976194090973,
      0.4514219997496538
    ],
    "avg_lightpath_usage": [
      0.5602375914235667,
      0.5682935899507771,
      0.5849224380952677,
      0.5840735872727109,
      0.5913741972731505,
      0.5910357875963088,
      0.5862169275017981,
      0.5891834258220655,
      0.5775067588926154,
      0.5802547730719352
    ],
    "spectrum_usage": [
      0.4350812154403531,
      0.46216097693328023,
      0.48699251794646936,
      0.5097867588155003,
      0.523233327952321,
      0.5257117174649081,
      0.5281404477279744,
      0.5241198824385245,
      0.5244544169263231,
      0.5135514861805747
    ]
  },
  "MinPB": {
    "blocking_ratio": [
      0.0004,
      0.0026,
      0.014,
      0.0338,
      0.0618,
      0.0906,
      0.1215,
      0.1538,
      0.1751,
      0.2087
    ],
    "bitrate_blocking_ratio": [
      0.0005376317808808363,
      0.0036803339182115433,
      0.01912502871442466,
      0.044603887566531934,
      0.07986275726902606,
      0.11874331014999927,
      0.159710851853119,
      0.20007722347398108,
      0.2292852918607436,
      0.26973963959120434
    ],
    "bit_blocking_ratio": [
      0.0004645102000723648,
      0.00343934960898879,
      0.017395414444932582,
      0.04353186201421173,
      0.0793045937958413,
      0.11725601138206011,
      0.1578523458560351,
      0.20107714817812705,
      0.23785230758984047,
      0.27454051886182756
    ],
    "avg_hops": [
      2.1952781112444977,
      2.1466813715660717,
      2.0943204868154157,
      2.0425377768577935,
      2.0044766574291195,
      1.9410600395865405,
      1.9213431986340352,
      1.9110139446939258,
      1.8878651957813068,
      1.8685707064324528
    ],
    "avg_otn_switching": [
      0.47743511266284233,
      0.5300874211195453,
      0.5693677883305319,
      0.5959805074991267,
      0.611267906268244,
      0.6185805730787384,
      0.6198780594108566,
      0.6145832726320791,
      0.612147632404795,
      0.6013185197180945
    ],
    "multi_demand_lightpath_ratio": [
      0.5903922036327078,
      0.5859447847385688,
      0.5626197803208804,
      0.5512340334521681,
      0.5277402611544812,
      0.5199233350390459,
      0.5081890471757958,
      0.5040745530568154,
      0.5061830892024267,
      0.47864586005713256
    ],
    "avg_lightpath_usage": [
      0.655910570922485,
      0.6538122202089117,
      0.6426901647076777,
      0.6375608119078183,
      0.6227515991595622,
      0.610900982471627,
      0.6022279986019801,
      0.59168195825686,
      0.5965501111468933,
      0.5781463411124788
    ],
    "spectrum_usage": [
      0.27826750246894255,
      0.30965895751270167,
      0.3393723195325521,
      0.3614247194896699,
      0.3806749271875474,
      0.4014665046395348,
      0.40746490716916955,
      0.40969192427618123,
      0.4164870023306942,
      0.41695387649717286
    ]
  },
  "OneFrag": {
    "blocking_ratio": [
      0.0,
      0.0,
      0.0019,
      0.0127,
      0.0338,
      0.0631,
      0.105,
      0.1361,
      0.1635,
      0.1881
    ],
    "bitrate_blocking_ratio": [
      0.0,
      0.0,
      0.002732146959203523,
      0.01747303287862718,
      0.04582089041598037,
      0.08297613403649054,
      0.13879697557685447,
      0.17777039212907073,
      0.21698818676350556,
      0.2490310409040034
    ],
    "bit_blocking_ratio": [
      0.0,
      0.0,
      0.002043866082798911,
      0.01604815090959798,
      0.04484658841939735,
      0.08460888998502344,
      0.1339294622763573,
      0.17539461700704442,
      0.21526753770904145,
      0.2549318433910676
    ],
    "avg_hops": [
      1.7138,
      1.7125,
      1.699428914938383,
      1.712144231743138,
      1.705858000413993,
      1.7111751520973424,
      1.7227932960893855,
      1.7400162055793496,
      1.7251643753735804,
      1.6966375169355832
    ],
    "avg_otn_switching": [
      0.41660181702238436,
      0.46671056499558555,
      0.5131483608955865,
      0.5522703459991523,
      0.5796418143636054,
      0.5942666980007094,
      0.5995107523164084,
      0.6009091381358269,
      0.5976496389064717,
      0.5870729818851176
    ],
    "multi_demand_lightpath_ratio": [
      0.49557119834371555,
      0.48161244946011394,
      0.47285001964681667,
      0.47177281238151203,
      0.4927430093664299,
      0.4688473758423207,
      0.4639264284586831,
      0.4645554120791077,
      0.4777235451289091,
      0.4610551110698652
    ],
    "avg_lightpath_usage": [
      0.6118089934104762,
      0.610408264396865,
      0.6063393361794049,
      0.6065622531419224,
      0.6016182397033635,
      0.5971662145943667,
      0.5980074484137919,
      0.5899440980953783,
      0.5879104439804427,
      0.5745056334852587
    ],
    "spectrum_usage": [
      0.33506366972165147,
      0.36999120279462083,
      0.40250095787445417,
      0.42498205350947915,
      0.4459398507038392,
      0.46204599179230993,
      0.46318042015991384,
      0.46015102128096863,
      0.4563039830708162,
      0.46384200695669836
    ]
  },
  "description": "include_OTN_frag=OEFM, sp_algo=LOC-SP-algo, overlap_num=3",
  "traffic_intensities": [
    300,
    350,
    400,
    450,
    500,
    550,
    600,
    650,
    700,
    750
  ]
}