{
  "MinPB": {
    "blocking_ratio": [
      0.0001,
      0.0006,
      0.0057,
      0.0101,
      0.017,
      0.028,
      0.0418,
      0.053,
      0.0706,
      0.0892
    ],
    "bitrate_blocking_ratio": [
      0.00012710890789004102,
      0.0007919862722379478,
      0.007303873399527741,
      0.013463766628045114,
      0.02174051205334663,
      0.036333592439953266,
      0.055453705469105205,
      0.06870725351871679,
      0.09278461395558033,
      0.1141633545018553
    ],
    "bit_blocking_ratio": [
      4.294438489183197e-05,
      0.0007934910013736357,
      0.008259018325151654,
      0.014498804098946093,
      0.023198752776905016,
      0.04142225287957778,
      0.05753615739790544,
      0.06990823937298607,
      0.09533819597623312,
      0.11326015810099803
    ],
    "avg_hops": [
      2.719071907190719,
      2.6958174904942966,
      2.6471889771698685,
      2.560763713506415,
      2.48351983723296,
      2.451440329218107,
      2.411187643498226,
      2.35649419218585,
      2.3198837959974177,
      2.2897452788757136
    ],
    "avg_otn_switching": [
      0.3330000949284511,
      0.37430527023830157,
      0.40799311551120304,
      0.4358577347141452,
      0.4584596247217068,
      0.4776847663009514,
      0.49369090141348904,
      0.5075179188335477,
      0.5127950287552931,
      0.5213157262040015
    ],
    "multi_demand_lightpath_ratio": [
      0.6772089350896697,
      0.6712351585046993,
      0.6650657597983428,
      0.6455422270535491,
      0.6361813941766646,
      0.6269190612601999,
      0.612264426404142,
      0.5983969801308827,
      0.5823783590419781,
      0.5780125390400772
    ],
    "avg_lightpath_usage": [
      0.6157677064769402,
      0.6186590054240108,
      0.6183984007437873,
      0.6148270064947188,
      0.6130221585706168,
      0.6094120443451251,
      0.6046703460738141,
      0.5986424158601492,
      0.5895719406921958,
      0.585666450634484
    ],
    "spectrum_usage": [
      0.17592131220158544,
      0.1961984653287437,
      0.21435738429359438,
      0.2340867281030104,
      0.25208561322503537,
      0.2658469125047272,
      0.28052416447066325,
      0.29766362633473203,
      0.3073402606895096,
      0.318842071696549
    ]
  },
  "OneFrag": {
    "blocking_ratio": [
      0.0,
      0.0,
      0.0,
      0.0002,
      0.0027,
      0.0075,
      0.0168,
      0.0245,
      0.0385,
      0.0573
    ],
    "bitrate_blocking_ratio": [
      0.0,
      0.0,
      0.0,
      0.00023955140333123114,
      0.003627492679015786,
      0.010388708817936045,
      0.021667179991102375,
      0.0327403213899848,
      0.04953336364391906,
      0.07610401419708725
    ],
    "bit_blocking_ratio": [
      0.0,
      0.0,
      0.0,
      6.639469902898966e-05,
      0.0037893965516511614,
      0.013539360102932475,
      0.023699729401409575,
      0.03160810325503406,
      0.04961839573627937,
      0.08135338550959202
    ],
    "avg_hops": [
      2.0476,
      2.0355,
      1.9982,
      2.005901180236047,
      1.9601925198034693,
      1.964433249370277,
      1.9711147274206673,
      1.94771911840082,
      1.9451898075923038,
      1.9369894982497082
    ],
    "avg_otn_switching": [
      0.27535156651362347,
      0.3113634389235968,
      0.34260748300556115,
      0.3758537103648881,
      0.3982926716849019,
      0.4231661904798157,
      0.447704109972624,
      0.4638196259204761,
      0.4783660032674103,
      0.4823510145242092
    ],
    "multi_demand_lightpath_ratio": [
      0.5067564390225591,
      0.5189956193960442,
      0.5153712751114997,
      0.5273022474952525,
      0.5072177520007982,
      0.5146810929725619,
      0.514496801945486,
      0.5086248171424499,
      0.5039344617171281,
      0.5042920458191754
    ],
    "avg_lightpath_usage": [
      0.5145404073771301,
      0.5247530980933126,
      0.5286046335709825,
      0.5378001160071696,
      0.533338015221221,
      0.540708602419421,
      0.5420107366396396,
      0.5434148312849914,
      0.5307674687933234,
      0.5414137737565676
    ],
    "spectrum_usage": [
      0.2346877010667019,
      0.25617125457594014,
      0.2818384157407924,
      0.2979730485615874,
      0.32187428317403444,
      0.33370579869191797,
      0.34798456373706893,
      0.3609686286757785,
      0.36921989231455854,
      0.37323424311476827
    ]
  },
  "description": "include_OTN_frag=OEFM, sp_algo=LOC-SP-algo, overlap_num=3, topology=USNET",
  "traffic_intensities": [
    300,
    350,
    400,
    450,
    500,
    550,
    600,
    650,
    700,
    750
  ]
}