{
  "MinPB": {
    "blocking_ratio": [
      0.0005333333333333334,
      0.004066666666666666,
      0.0147,
      0.0319,
      0.05753333333333333,
      0.08806666666666667,
      0.11676666666666667,
      0.15506666666666666,
      0.18796666666666667,
      0.21423333333333333
    ],
    "bitrate_blocking_ratio": [
      0.0006295832354706542,
      0.005204663482867507,
      0.019451838513531147,
      0.04260777943056969,
      0.07573755839139852,
      0.11659522691093191,
      0.15288433936167437,
      0.20426550797254625,
      0.24740337691484643,
      0.2829144810668337
    ],
    "bit_blocking_ratio": [
      0.0006243843915755614,
      0.0038262067656799834,
      0.01874585612584477,
      0.041834021803559475,
      0.0757128037128345,
      0.11276846990035778,
      0.15322613590864037,
      0.20088230912302676,
      0.24056507945844,
      0.2790469747382024
    ],
    "avg_hops": [
      2.161019210245464,
      2.1255773478813844,
      2.0851517304374303,
      2.026546844334263,
      1.9628280398953102,
      1.9209006506323563,
      1.8770804241989658,
      1.8704828783335963,
      1.8364188662205985,
      1.8195393034403766
    ],
    "avg_otn_switching": [
      0.5405090686644533,
      0.6190318960095361,
      0.6844581109260769,
      0.7355160228769717,
      0.7725557455879017,
      0.8006786370636721,
      0.8194933510517873,
      0.8288281014218697,
      0.8308391468617521,
      0.8333526085789589
    ],
    "multi_demand_lightpath_ratio": [
      0.6689805932369419,
      0.6720963401062804,
      0.6726736882933142,
      0.6624933021327984,
      0.6591914078251921,
      0.6572436635207108,
      0.6533440120138709,
      0.6536654701241983,
      0.6547220617129449,
      0.6550779028938873
    ],
    "avg_lightpath_usage": [
      0.7197155616332062,
      0.7261932099107062,
      0.7285234100448794,
      0.72859622725811,
      0.7307151380081163,
      0.7259179206464224,
      0.7246243219996481,
      0.7206802020691672,
      0.714128470605686,
      0.7132932549208197
    ],
    "spectrum_usage": [
      0.31211909032439245,
      0.3578640708968507,
      0.4017973605106778,
      0.4424760075809485,
      0.4774849919296384,
      0.5084706567950096,
      0.5373002415624564,
      0.546534539630201,
      0.5586408651193552,
      0.5714348507414876
    ]
  },
  "OneFrag": {
    "blocking_ratio": [
      0.0,
      3.3333333333333335e-05,
      0.0010666666666666667,
      0.009266666666666666,
      0.027033333333333333,
      0.0605,
      0.09106666666666667,
      0.12923333333333334,
      0.16506666666666667,
      0.193
    ],
    "bitrate_blocking_ratio": [
      0.0,
      5.708656280174326e-05,
      0.001407591534225841,
      0.01240572561914455,
      0.03622550170933479,
      0.0798657324042903,
      0.12240174587019494,
      0.17200670685560687,
      0.22080103864923406,
      0.25814380594483155
    ],
    "bit_blocking_ratio": [
      0.0,
      1.3734066191014945e-05,
      0.0013415061995979013,
      0.012833173106069674,
      0.036210729623253224,
      0.07995932605107112,
      0.12343644203131862,
      0.1727523808615072,
      0.21551810181681738,
      0.25502749390124435
    ],
    "avg_hops": [
      1.676,
      1.656788559618654,
      1.6425186865990389,
      1.6588722158670346,
      1.656000548151701,
      1.6772041866240908,
      1.6858222091829251,
      1.693488496727022,
      1.680812839348451,
      1.6828996282527882
    ],
    "avg_otn_switching": [
      0.4690287631695331,
      0.5392517077432308,
      0.6079425512810265,
      0.6752491162708713,
      0.7290350321748708,
      0.7673448845854167,
      0.7951802201462629,
      0.8087209734142808,
      0.8136940967676938,
      0.8182030786454801
    ],
    "multi_demand_lightpath_ratio": [
      0.5321847569593628,
      0.5403030672010487,
      0.5527912037343201,
      0.5723339817086467,
      0.577335809552975,
      0.5900019267214207,
      0.6086011260915856,
      0.6098862938120538,
      0.6169214637818945,
      0.6277202512471476
    ],
    "avg_lightpath_usage": [
      0.6518888230250713,
      0.6604215867240565,
      0.6702034198313136,
      0.6836814391711821,
      0.6887806137545543,
      0.6948227750567477,
      0.6972274682861533,
      0.6986212918905788,
      0.6946598308234031,
      0.6951503492171636
    ],
    "spectrum_usage": [
      0.3835244403444913,
      0.4379810452163763,
      0.4874313884876423,
      0.5287551828019839,
      0.5683782989127555,
      0.5917285465324094,
      0.605358190792516,
      0.6155926965106202,
      0.6284698768599529,
      0.6299063105804643
    ]
  },
  "description": "include_OTN_frag=OEFM, sp_algo=base, overlap_num=0, topology=nsfnet, sorted",
  "traffic_intensities": [
    300,
    350,
    400,
    450,
    500,
    550,
    600,
    650,
    700,
    750
  ]
}