{
  "blocking_ratio": [
    0.0159,
    0.0219,
    0.0307,
    0.0353,
    0.043,
    0.0456
  ],
  "avg_hops": [
    1.63215120414592,
    1.61619466312238,
    1.6187970700505518,
    1.6081683424898932,
    1.5980146290491117,
    1.594823973176865
  ],
  "avg_otn_switching": [
    0.0,
    0.0,
    0.0,
    0.0,
    0.0,
    0.0
  ],
  "multi_demand_lightpath_ratio": [
    0,
    0,
    0,
    0,
    0,
    0
  ],
  "avg_lightpath_usage": [
    0,
    0,
    0,
    0,
    0,
    0
  ],
  "spectrum_usage": [
    0.0,
    0.0,
    0.0,
    0.0,
    0.0,
    0.0
  ]
}