{
  "blocking_ratio": [
    0.0112,
    0.0185,
    0.0282,
    0.0357,
    0.0382,
    0.0608
  ],
  "avg_hops": [
    1.651193365695793,
    1.620886398369842,
    1.6046511627906976,
    1.6073835943171213,
    1.599396964025785,
    1.6056218057921636
  ],
  "avg_otn_switching": [
    0.0,
    0.0,
    0.0,
    0.0,
    0.0,
    0.0
  ],
  "multi_demand_lightpath_ratio": [
    0,
    0,
    0,
    0,
    0,
    0
  ],
  "avg_lightpath_usage": [
    0,
    0,
    0,
    0,
    0,
    0
  ],
  "spectrum_usage": [
    0.0,
    0.0,
    0.0,
    0.0,
    0.0,
    0.0
  ]
}