{
  "blocking_ratio": [
    0.0307,
    0.0393,
    0.04,
    0.0616,
    0.0645,
    0.0749
  ],
  "avg_hops": [
    1.062209842154132,
    1.0797335276360986,
    1.0923958333333332,
    1.1404518329070759,
    1.1415285943345805,
    1.163117500810723
  ],
  "avg_otn_switching": [
    0.0,
    0.0,
    0.0,
    0.0,
    0.0,
    0.0
  ],
  "multi_demand_lightpath_ratio": [
    0,
    0,
    0,
    0,
    0,
    0
  ],
  "avg_lightpath_usage": [
    0,
    0,
    0,
    0,
    0,
    0
  ],
  "spectrum_usage": [
    0.0,
    0.0,
    0.0,
    0.0,
    0.0,
    0.0
  ]
}