{
  "blocking_ratio": [
    0.0116,
    0.0162,
    0.0343,
    0.0372,
    0.0476,
    0.0423
  ],
  "avg_hops": [
    1.566774585188183,
    1.5513315714576132,
    1.5475820648234442,
    1.5469464063149148,
    1.5529189416211675,
    1.526469666910306
  ],
  "avg_otn_switching": [
    0.0,
    0.0,
    0.0,
    0.0,
    0.0,
    0.0
  ],
  "multi_demand_lightpath_ratio": [
    0,
    0,
    0,
    0,
    0,
    0
  ],
  "avg_lightpath_usage": [
    0,
    0,
    0,
    0,
    0,
    0
  ],
  "spectrum_usage": [
    0.0,
    0.0,
    0.0,
    0.0,
    0.0,
    0.0
  ]
}