{
  "MinEn": {
    "blocking_ratio": [
      0.0,
      0.0004,
      0.0012,
      0.0043,
      0.0187
    ],
    "avg_hops": [
      1.1753,
      1.2341936774709883,
      1.304164997997597,
      1.357838706437682,
      1.41220829511872
    ],
    "avg_otn_switching": [
      0.32845369224526016,
      0.38085678465192774,
      0.43388645196162356,
      0.48203957488435767,
      0.5212337209380292
    ],
    "multi_demand_lightpath_ratio": [
      0.3501162479723315,
      0.3756035659303967,
      0.40968090088773307,
      0.41322865051349483,
      0.4372946919012758
    ],
    "avg_lightpath_usage": [
      0.5602375914235667,
      0.5682935899507771,
      0.5849224380952677,
      0.5840735872727109,
      0.5913741972731505
    ],
    "spectrum_usage": [
      0.4350812154403531,
      0.46216097693328023,
      0.48699251794646936,
      0.5097867588155003,
      0.523233327952321
    ]
  },
  "MinPB": {
    "blocking_ratio": [
      0.0004,
      0.0028,
      0.014,
      0.0339,
      0.0621
    ],
    "avg_hops": [
      2.1952781112444977,
      2.1481147212194145,
      2.0943204868154157,
      2.0406790187351205,
      2.005224437573302
    ],
    "avg_otn_switching": [
      0.47743511266284233,
      0.5300604724096548,
      0.5693677883305319,
      0.5957190420066835,
      0.6114055257987071
    ],
    "multi_demand_lightpath_ratio": [
      0.5903922036327078,
      0.5790679265562563,
      0.5626197803208804,
      0.5515913603162425,
      0.5314498414144907
    ],
    "avg_lightpath_usage": [
      0.655910570922485,
      0.6494003908720215,
      0.6426901647076777,
      0.6384474043495616,
      0.6240249053312629
    ],
    "spectrum_usage": [
      0.27826750246894255,
      0.3107496766485547,
      0.3393723195325521,
      0.36219821473050084,
      0.3796291753930915
    ]
  },
  "description": "include_OTN_frag=OEFM, sp_algo=LOC-SP-algo"
}