{
  "MinPB": {
    "blocking_ratio": [
      0.0005666666666666667,
      0.0029,
      0.012766666666666667,
      0.0293,
      0.05273333333333333,
      0.084,
      0.118,
      0.15406666666666666,
      0.18636666666666668,
      0.2178
    ],
    "bitrate_blocking_ratio": [
      0.0007731151648007516,
      0.00370247135885592,
      0.01666927633810903,
      0.03905047104569535,
      0.07007130927216264,
      0.11095507450611967,
      0.15594744121715076,
      0.2030471176178919,
      0.24531890185025707,
      0.28528601999008324
    ],
    "bit_blocking_ratio": [
      0.0008512737329081658,
      0.0024031931738020935,
      0.015403079638953121,
      0.04099045673093667,
      0.06789608338749377,
      0.11052578132772786,
      0.15405083646014603,
      0.20070532411250372,
      0.24102494339429834,
      0.2818774572296024
    ],
    "avg_hops": [
      2.1720975219290932,
      2.1344900210610773,
      2.080055373602998,
      2.0305621372892415,
      1.9591808009008376,
      1.9199417758369723,
      1.8949357520786092,
      1.8793837181811017,
      1.8502601499446925,
      1.8324810363930792
    ],
    "avg_otn_switching": [
      0.5417176451121075,
      0.6208380203570066,
      0.6863155809371332,
      0.7374601877400595,
      0.779147153420011,
      0.8033626814242009,
      0.8227141306255605,
      0.8295878508773912,
      0.8337328265650453,
      0.833661308603632
    ],
    "multi_demand_lightpath_ratio": [
      0.65050784093688,
      0.655352390514805,
      0.6495686430217729,
      0.6486732954722743,
      0.6337245463373216,
      0.6349044778388164,
      0.6349414058078685,
      0.6336492831427549,
      0.6353007203251225,
      0.6352252644618993
    ],
    "avg_lightpath_usage": [
      0.7436849947401849,
      0.7505104845189944,
      0.7531255684818116,
      0.7521707137032672,
      0.7542180103246665,
      0.7505075838239234,
      0.7497839108654172,
      0.7416894335852674,
      0.7391941856219406,
      0.7350435337707467
    ],
    "spectrum_usage": [
      0.3048328717446087,
      0.3498078930667567,
      0.39392806512512896,
      0.4324216834741156,
      0.4719434137398583,
      0.5002037118307655,
      0.5223786838163795,
      0.5335652553939163,
      0.5480419109367529,
      0.5581563732005217
    ]
  },
  "OneFrag": {
    "blocking_ratio": [
      0.0,
      0.0,
      0.0008666666666666666,
      0.0119,
      0.03213333333333333,
      0.06283333333333334,
      0.09513333333333333,
      0.13853333333333334,
      0.17336666666666667,
      0.19963333333333333
    ],
    "bitrate_blocking_ratio": [
      0.0,
      0.0,
      0.0010895378271875572,
      0.01605763459380464,
      0.04312971371904277,
      0.08439840549074872,
      0.1277303687465748,
      0.18483487303948432,
      0.23061503431717947,
      0.2668878363214071
    ],
    "bit_blocking_ratio": [
      0.0,
      0.0,
      0.0007696680646671077,
      0.016647496501916357,
      0.0432274712936736,
      0.08123128110000566,
      0.12614260941171937,
      0.17980363157948262,
      0.2219094772142543,
      0.2636472388184475
    ],
    "avg_hops": [
      1.7555,
      1.7135333333333334,
      1.7085474077533862,
      1.7224302533481766,
      1.702059512329522,
      1.7125733594166814,
      1.7122227952552862,
      1.7214440489088376,
      1.7204322754949797,
      1.7230436050143685
    ],
    "avg_otn_switching": [
      0.48040353140588377,
      0.5471463951392442,
      0.62127547771888,
      0.6855808488839545,
      0.7338484304331938,
      0.7728087530101045,
      0.799967724352451,
      0.8092476204926143,
      0.8173006303950986,
      0.8214522371437655
    ],
    "multi_demand_lightpath_ratio": [
      0.5311354542221352,
      0.5450971650792006,
      0.5606367230829664,
      0.562676078939339,
      0.571134905833377,
      0.5797268632564664,
      0.5903598271426808,
      0.5943689857502824,
      0.6020410077693392,
      0.6075667054728796
    ],
    "avg_lightpath_usage": [
      0.7071870051606352,
      0.7125926349005608,
      0.7206988869417155,
      0.7268386583037608,
      0.7321591495425878,
      0.734325422123757,
      0.7336099682751374,
      0.7335856886070008,
      0.727886055868051,
      0.726504652493847
    ],
    "spectrum_usage": [
      0.35143847877441337,
      0.4049675786046787,
      0.4530152449524765,
      0.4946794480815327,
      0.5363033508053202,
      0.5664253011377806,
      0.5868661884678285,
      0.588952387580283,
      0.5982400476522056,
      0.6015090383240712
    ]
  },
  "description": "include_OTN_frag=None, sp_algo=LOC-SP-algo, overlap_num=3, topology=nsfnet, sorted",
  "traffic_intensities": [
    300,
    350,
    400,
    450,
    500,
    550,
    600,
    650,
    700,
    750
  ]
}