{
  "MinEn": {
    "blocking_ratio": [
      0.02285,
      0.03035,
      0.0395,
      0.0466,
      0.0595
    ],
    "avg_hops": [
      1.1536099882310802,
      1.2057959057391843,
      1.258302967204581,
      1.2991923641703378,
      1.3541733120680488
    ],
    "avg_otn_switching": [
      0.3428123292181081,
      0.39785046328256607,
      0.4523903756237282,
      0.5064003018548837,
      0.5604025589872547
    ],
    "multi_demand_lightpath_ratio": [
      0.40529351854650814,
      0.45052630290388185,
      0.48508714315584556,
      0.510764374872497,
      0.5423304167172971
    ],
    "avg_lightpath_usage": [
      0.5796863832137328,
      0.6031643008225676,
      0.6170615710686296,
      0.630950905450834,
      0.6417383449595319
    ],
    "spectrum_usage": [
      0.46216735853515234,
      0.49823492316018014,
      0.527870667163888,
      0.5572039825682352,
      0.5784911741918577
    ]
  },
  "MinPB": {
    "blocking_ratio": [
      0.00255,
      0.0089,
      0.02035,
      0.0293,
      0.04205
    ],
    "avg_hops": [
      1.5741139906762243,
      1.5820300676016548,
      1.5807176032256418,
      1.5959101679200578,
      1.6054073803434417
    ],
    "avg_otn_switching": [
      0.42013174053685537,
      0.482492366186951,
      0.5337792585272919,
      0.5864730884640498,
      0.635518264877007
    ],
    "multi_demand_lightpath_ratio": [
      0.5874402044478398,
      0.5973092015733944,
      0.6049372602438748,
      0.6147544116570425,
      0.6273282564611077
    ],
    "avg_lightpath_usage": [
      0.659362106179405,
      0.6693496887489898,
      0.6739718726358799,
      0.6718273718225377,
      0.6814003672794472
    ],
    "spectrum_usage": [
      0.37529907176411814,
      0.4173974700712565,
      0.45173274731290347,
      0.48248281130985254,
      0.5091167586585017
    ]
  },
  "OneFrag": {
    "blocking_ratio": [
      0.00315,
      0.0118,
      0.01975,
      0.0282,
      0.04235
    ],
    "avg_hops": [
      1.4419421176706626,
      1.4548674357417526,
      1.4810507523590921,
      1.4876003292858613,
      1.511147078786613
    ],
    "avg_otn_switching": [
      0.3995787358016042,
      0.45501814294279747,
      0.5135742501488215,
      0.5665909883827163,
      0.6141419516588883
    ],
    "multi_demand_lightpath_ratio": [
      0.519802891712443,
      0.5346159009079189,
      0.552318109066673,
      0.5706330713889576,
      0.5825905792194735
    ],
    "avg_lightpath_usage": [
      0.626054576883115,
      0.6388806714460576,
      0.6502438269446902,
      0.6556216334911108,
      0.657770576762764
    ],
    "spectrum_usage": [
      0.4057267085556392,
      0.44651372504240633,
      0.48280779552257563,
      0.5192941446367719,
      0.5432672055666413
    ]
  },
  "description": "include_OTN_frag=True, no OEFM"
}