{
  "MinPB": {
    "blocking_ratio": [
      0.0003,
      0.0035,
      0.0142,
      0.0304,
      0.0592,
      0.0837,
      0.1223,
      0.1518,
      0.1823,
      0.2142
    ],
    "bitrate_blocking_ratio": [
      0.00040078005483844167,
      0.005180815343033514,
      0.018523858632166997,
      0.04028817063455213,
      0.07782953162496763,
      0.1096133449983138,
      0.15983792845587266,
      0.20173899443306728,
      0.2408394875880372,
      0.2783661858935196
    ],
    "bit_blocking_ratio": [
      0.00038485188633193007,
      0.005713433138650724,
      0.01674414427010904,
      0.03758674930139012,
      0.07723703059516585,
      0.1085485943210823,
      0.1600840000815527,
      0.20385293767699236,
      0.2478866689670242,
      0.28034074937661524
    ],
    "avg_hops": [
      2.2027608282484747,
      2.1573507275464125,
      2.0914992899168188,
      2.0455858085808583,
      2.007121598639456,
      1.952526465131507,
      1.925714936766549,
      1.9159396368780948,
      1.909991439403204,
      1.8868668872486638
    ],
    "avg_otn_switching": [
      0.4782691564674564,
      0.5299486742928019,
      0.5699423355811585,
      0.5999739931529275,
      0.6145234811654731,
      0.6229283229537064,
      0.6193736768902018,
      0.6159882467414247,
      0.6094320320083814,
      0.6030712026153635
    ],
    "multi_demand_lightpath_ratio": [
      0.5671237951947059,
      0.5592787490701481,
      0.5497989195947895,
      0.524610182036343,
      0.5135920211209392,
      0.49353177773272505,
      0.4805432574231518,
      0.48527816241674615,
      0.469617801728169,
      0.460489559791606
    ],
    "avg_lightpath_usage": [
      0.6823082503330946,
      0.6754851105583896,
      0.6669661820245697,
      0.6578316775834927,
      0.6465889751135557,
      0.6384996572064987,
      0.6229507231009437,
      0.6166698849088834,
      0.616826024501096,
      0.6096312069768208
    ],
    "spectrum_usage": [
      0.2704775211907418,
      0.3019241329556947,
      0.33270186227257054,
      0.3568433973398085,
      0.37690889804222755,
      0.39420222975427693,
      0.39866653224757725,
      0.4036893640339139,
      0.40344147592011526,
      0.40415330227343177
    ]
  },
  "OneFrag": {
    "blocking_ratio": [
      0.0,
      0.0001,
      0.0033,
      0.0111,
      0.0368,
      0.068,
      0.1072,
      0.1343,
      0.1715,
      0.1971
    ],
    "bitrate_blocking_ratio": [
      0.0,
      0.00017106465755299338,
      0.004325492055268547,
      0.015068352549596532,
      0.04962830093694557,
      0.08998489743451889,
      0.14002375354959165,
      0.1794077252799351,
      0.22621101558643408,
      0.26159696189168186
    ],
    "bit_blocking_ratio": [
      0.0,
      4.054669552051722e-05,
      0.003955812278150327,
      0.013394011515648495,
      0.04808515737625622,
      0.08990826475157447,
      0.13578658475323027,
      0.17879779724617353,
      0.2267212568911339,
      0.26414136020227214
    ],
    "avg_hops": [
      1.779,
      1.7663766376637664,
      1.7445570382261464,
      1.7278794620285165,
      1.7478197674418605,
      1.7552575107296138,
      1.7652329749103943,
      1.7480651495899273,
      1.7590826795413397,
      1.7505293311744925
    ],
    "avg_otn_switching": [
      0.4234367928571753,
      0.47475247125115777,
      0.5188275279338942,
      0.5589209761627523,
      0.5861430118819809,
      0.597765083396976,
      0.6024285535377462,
      0.6013091270238519,
      0.5983186656497118,
      0.5919027619368736
    ],
    "multi_demand_lightpath_ratio": [
      0.4678286713066844,
      0.46383756365844786,
      0.47940109332127495,
      0.4551122379722269,
      0.4573233778943812,
      0.467051462756527,
      0.44167566226789584,
      0.46060773500145263,
      0.4372534379930471,
      0.4397818118593527
    ],
    "avg_lightpath_usage": [
      0.6578082522761844,
      0.6581462230638001,
      0.6486917972156016,
      0.6449167279908302,
      0.630936245013628,
      0.6276175654876479,
      0.6223005492259599,
      0.6107004488126483,
      0.5880544852188263,
      0.5944102574708278
    ],
    "spectrum_usage": [
      0.3092997103125355,
      0.3451551622993973,
      0.37660239372209997,
      0.4104387922048204,
      0.4273037583504092,
      0.4386241035789986,
      0.4416014137175691,
      0.4443760918896478,
      0.4396826561223209,
      0.438798448931304
    ]
  },
  "description": "include_OTN_frag=None, sp_algo=LOC-SP-algo, overlap_num=0, topology=nsfnet",
  "traffic_intensities": [
    300,
    350,
    400,
    450,
    500,
    550,
    600,
    650,
    700,
    750
  ]
}