{
  "MinPB": {
    "blocking_ratio": [
      0.0013,
      0.00655,
      0.0094
    ],
    "avg_hops": [
      1.5346450385501151,
      1.5021390105188988,
      1.5175146375933777
    ],
    "avg_otn_switching": [
      0.3408951438483282,
      0.3843931960980889,
      0.4331865819404389
    ],
    "multi_demand_lightpath_ratio": [
      0.579742494448593,
      0.5820685314128283,
      0.591591668230628
    ],
    "avg_lightpath_usage": [
      0.6682003810762679,
      0.6711696193146385,
      0.6779958537897227
    ],
    "spectrum_usage": [
      0.31739268914544316,
      0.35808831116458617,
      0.39012773735852785
    ]
  }
}