{
  "MinEn": {
    "blocking_ratio": [
      0.0236,
      0.0277,
      0.0351,
      0.0424,
      0.05205
    ],
    "avg_hops": [
      1.1579782875870546,
      1.2080633549316055,
      1.2547932428230906,
      1.300908521303258,
      1.349491006909647
    ],
    "avg_otn_switching": [
      0.34429891948993396,
      0.4006941627650512,
      0.45648499506754026,
      0.5112678026302925,
      0.5635943543979526
    ],
    "multi_demand_lightpath_ratio": [
      0.4022245887441636,
      0.4463667425364574,
      0.479248211170622,
      0.5093924800023446,
      0.5377139101273624
    ],
    "avg_lightpath_usage": [
      0.5886757718770392,
      0.6084250652379979,
      0.6246671814655964,
      0.6404010173825658,
      0.6545229965847039
    ],
    "spectrum_usage": [
      0.45848695380192356,
      0.4968910435655727,
      0.5265063663375104,
      0.5587381901824581,
      0.5790646085637516
    ]
  },
  "MinPB": {
    "blocking_ratio": [
      0.0018,
      0.00605,
      0.01805,
      0.02315,
      0.03985
    ],
    "avg_hops": [
      1.5694750550991785,
      1.5762865335278435,
      1.588319160853404,
      1.6093566054153656,
      1.6076133937405614
    ],
    "avg_otn_switching": [
      0.41976113623022393,
      0.4838933706517157,
      0.5371456016038457,
      0.6016504357092691,
      0.6431566628520204
    ],
    "multi_demand_lightpath_ratio": [
      0.5831163893392202,
      0.596579280253671,
      0.607832269735961,
      0.6158112355424741,
      0.6202351066156893
    ],
    "avg_lightpath_usage": [
      0.6728207303261853,
      0.6807543710033261,
      0.687879565108234,
      0.6910198565123045,
      0.6953545283191007
    ],
    "spectrum_usage": [
      0.37126691604882067,
      0.4131274368679583,
      0.4452821030662746,
      0.4802956088003598,
      0.5082986114063098
    ]
  },
  "OneFrag": {
    "blocking_ratio": [
      0.002,
      0.00665,
      0.01625,
      0.0269,
      0.0376
    ],
    "avg_hops": [
      1.4366733466933868,
      1.448683746916998,
      1.4742058449809403,
      1.4855102250539514,
      1.5272755610972568
    ],
    "avg_otn_switching": [
      0.39937364671868525,
      0.4596008412756559,
      0.5153816012098889,
      0.5680502630238846,
      0.6248632752036773
    ],
    "multi_demand_lightpath_ratio": [
      0.5122365559788381,
      0.5314671640250967,
      0.5487698069506003,
      0.5621095870044097,
      0.5803110971957165
    ],
    "avg_lightpath_usage": [
      0.6331458913314334,
      0.6486530921868239,
      0.6605224239307119,
      0.6669254414913501,
      0.6777308133457551
    ],
    "spectrum_usage": [
      0.4043488055908697,
      0.4478135188984931,
      0.47983807003627643,
      0.5161719715056017,
      0.5370593725532425
    ]
  },
  "description": "include_OTN_frag=True, no OEFM, debug"
}