{
  "MinEn": {
    "blocking_ratio": [
      0.0,
      0.0006,
      0.0006,
      0.0058,
      0.0179,
      0.0459,
      0.0828,
      0.1101,
      0.14,
      0.1694
    ],
    "bitrate_blocking_ratio": [
      0.0,
      0.0009628496439411342,
      0.0009823998905186193,
      0.009589395946256372,
      0.02684737611253122,
      0.0657670294866594,
      0.11663188351963089,
      0.15809795651047648,
      0.19841545251489484,
      0.23929990567006026
    ],
    "bit_blocking_ratio": [
      0.0,
      0.0008465340138631223,
      0.0007946130924083952,
      0.008007624065110411,
      0.027989742715997436,
      0.06452062550475285,
      0.11193979055708231,
      0.1577334474427084,
      0.19679014961513405,
      0.2396418958892832
    ],
    "avg_hops": [
      1.1769,
      1.244546728036822,
      1.2953772263358014,
      1.3590826795413398,
      1.425313104571836,
      1.473430458023268,
      1.5113388573920628,
      1.5182604787054725,
      1.5312790697674419,
      1.5279316156994944
    ],
    "avg_otn_switching": [
      0.32896716996865066,
      0.38170876137526594,
      0.4326338049191425,
      0.4820715674624436,
      0.5254752891807838,
      0.5526051783847105,
      0.566479874583706,
      0.5666031606419158,
      0.5696095515785521,
      0.5602952202607691
    ],
    "multi_demand_lightpath_ratio": [
      0.3481720427513848,
      0.37652302428515466,
      0.39261972056791467,
      0.4125670490081312,
      0.43917361087422097,
      0.4338497879796111,
      0.43569266440781806,
      0.44318890180745996,
      0.4484362921056727,
      0.4719586681268513
    ],
    "avg_lightpath_usage": [
      0.5543528654171145,
      0.5691872532261574,
      0.5784370180792706,
      0.585569097316929,
      0.5922375177191742,
      0.5881034873676387,
      0.5863506993023935,
      0.5804987723113513,
      0.5706494877215561,
      0.576353956645327
    ],
    "spectrum_usage": [
      0.433767906677144,
      0.465175002217842,
      0.4868961690681355,
      0.5078911120980226,
      0.5231288439728635,
      0.5276276349138649,
      0.5275060212213032,
      0.5215960177365841,
      0.5200735879526913,
      0.5127234542181833
    ]
  },
  "MinPB": {
    "blocking_ratio": [
      0.0003,
      0.0034,
      0.0142,
      0.0296,
      0.0581,
      0.0868,
      0.1238,
      0.1524,
      0.1777,
      0.2023
    ],
    "bitrate_blocking_ratio": [
      0.00032746663017287303,
      0.004799585534772557,
      0.018440770084212688,
      0.04018064427837596,
      0.07830362510447163,
      0.11531224187565066,
      0.16082521590803564,
      0.1992219001862161,
      0.23283366161455712,
      0.2673593970703956
    ],
    "bit_blocking_ratio": [
      0.0005481047165856698,
      0.0042027779615076005,
      0.016550375472125504,
      0.037546744229836136,
      0.07686577239936807,
      0.10887658685150631,
      0.1585003909406561,
      0.2005186005074729,
      0.2376307649601446,
      0.27948251665324886
    ],
    "avg_hops": [
      2.194558367510253,
      2.1516154926750954,
      2.1064110367214446,
      2.0397774113767517,
      2.002654209576388,
      1.935173017958826,
      1.9365441679981739,
      1.908329400660689,
      1.8838623373464671,
      1.8842923404788767
    ],
    "avg_otn_switching": [
      0.4773696847468055,
      0.5304384902548822,
      0.5711625976036857,
      0.599796192218004,
      0.6143909853238217,
      0.6221287861565933,
      0.6199016579558448,
      0.6159894741269161,
      0.6114307033654399,
      0.5989166564373166
    ],
    "multi_demand_lightpath_ratio": [
      0.5899764797000494,
      0.5778496296180293,
      0.5650297598356975,
      0.5406093552190329,
      0.5297982652525399,
      0.5123868030706673,
      0.5076666158830341,
      0.4996181526489997,
      0.48933965536721363,
      0.49220798691110035
    ],
    "avg_lightpath_usage": [
      0.6575833204378964,
      0.6503197925842497,
      0.6461489778172501,
      0.6354825122719201,
      0.6243084893982551,
      0.6111679890901595,
      0.6050027718776684,
      0.6002426159372761,
      0.5952119673445359,
      0.5764592969617223
    ],
    "spectrum_usage": [
      0.27773735470930533,
      0.311050695579701,
      0.33764495032817665,
      0.3671487884687045,
      0.3828949140441018,
      0.40445494870705967,
      0.40680629011425123,
      0.41110734996580245,
      0.4161921976949433,
      0.4094620591054684
    ]
  },
  "OneFrag": {
    "blocking_ratio": [
      0.0,
      0.0001,
      0.0016,
      0.0115,
      0.0341,
      0.0632,
      0.104,
      0.1311,
      0.1631,
      0.1974
    ],
    "bitrate_blocking_ratio": [
      0.0,
      0.00017106465755299338,
      0.0020869888221465194,
      0.016192491727801916,
      0.04545432329265253,
      0.08365550510505813,
      0.13685661360403908,
      0.17489161832053607,
      0.21737919169505526,
      0.2596174994257115
    ],
    "bit_blocking_ratio": [
      0.0,
      4.054669552051722e-05,
      0.0007973705817796927,
      0.01377513247323326,
      0.04957155115076732,
      0.08392340179273444,
      0.13329851735790368,
      0.17725510653579948,
      0.21468860573988657,
      0.2581825238883879
    ],
    "avg_hops": [
      1.6679,
      1.6777677767776777,
      1.6856971153846154,
      1.6981284774911483,
      1.7071125375297649,
      1.7035653287788215,
      1.7279017857142858,
      1.7173437679825065,
      1.714780738439479,
      1.7209070520807377
    ],
    "avg_otn_switching": [
      0.40898007888677407,
      0.4628947458941874,
      0.5118938175847344,
      0.5538656662924597,
      0.5780680931870258,
      0.5965366853116784,
      0.6018609604870936,
      0.5968560861803418,
      0.597294469399478,
      0.589944792127229
    ],
    "multi_demand_lightpath_ratio": [
      0.46827513503422297,
      0.4790202068386961,
      0.48285932985839436,
      0.4913105230198169,
      0.47357508727460607,
      0.46741058805354224,
      0.4635910528300685,
      0.47886002651250076,
      0.4573349422627362,
      0.4644189437961331
    ],
    "avg_lightpath_usage": [
      0.6031010873252854,
      0.6059876725352965,
      0.6059227788572134,
      0.6139536179169871,
      0.5972738461110416,
      0.6042925759357034,
      0.5960260964272426,
      0.5935341174038818,
      0.5742529555288005,
      0.5728565787256479
    ],
    "spectrum_usage": [
      0.34341147957850937,
      0.3747750578773082,
      0.4027198972391392,
      0.4270398752627523,
      0.4455073290365894,
      0.46028384798501326,
      0.46209725129073925,
      0.46469045360083155,
      0.4633966314002838,
      0.4549757720101445
    ]
  },
  "description": "include_OTN_frag=OEFM, sp_algo=LOC-SP-algo, overlap_num=0",
  "traffic_intensities": [
    300,
    350,
    400,
    450,
    500,
    550,
    600,
    650,
    700,
    750
  ]
}