{
  "MinEn": {
    "blocking_ratio": [
      0.0401,
      0.049,
      0.06045,
      0.06765,
      0.08735
    ],
    "avg_hops": [
      1.135118241483488,
      1.1817560462670873,
      1.230695545739982,
      1.287660213439159,
      1.3358352051717526
    ],
    "avg_otn_switching": [
      0.3304263518053076,
      0.3816369659528544,
      0.4358259279049921,
      0.49376630098296437,
      0.5318253182703151
    ],
    "multi_demand_lightpath_ratio": [
      0.3253977175677719,
      0.36249883300604013,
      0.400621159307118,
      0.43883392246097047,
      0.4752232055474099
    ],
    "avg_lightpath_usage": [
      0.6554599000112493,
      0.6553849506583141,
      0.6677660372715318,
      0.6860551621517572,
      0.6764722212765275
    ],
    "spectrum_usage": [
      0.41168820723337357,
      0.4494391563412502,
      0.48348067324493155,
      0.5120989419274303,
      0.5294593395840399
    ]
  },
  "MinPB": {
    "blocking_ratio": [
      0.0036,
      0.0135,
      0.02455,
      0.035,
      0.0547
    ],
    "avg_hops": [
      1.5750702529104776,
      1.5780537252914344,
      1.571889896970629,
      1.6022279792746115,
      1.5972707077118375
    ],
    "avg_otn_switching": [
      0.4179284597885139,
      0.4767121859379623,
      0.525849147710456,
      0.5835404220483812,
      0.6188343049807311
    ],
    "multi_demand_lightpath_ratio": [
      0.5594662941357422,
      0.5715763347010813,
      0.5794536796256409,
      0.5926135107129384,
      0.5944308793047225
    ],
    "avg_lightpath_usage": [
      0.6897415522140736,
      0.6927983633602621,
      0.6882531854533115,
      0.700464126422103,
      0.696094703574529
    ],
    "spectrum_usage": [
      0.36503230707926354,
      0.40251394605298374,
      0.4380411048430789,
      0.46608853565857167,
      0.4898198327590109
    ]
  }
}