{
  "MinPB": {
    "blocking_ratio": [
      0.0007333333333333333,
      0.003266666666666667,
      0.013533333333333333,
      0.0327,
      0.0562,
      0.08553333333333334,
      0.11706666666666667,
      0.157,
      0.18453333333333333,
      0.21573333333333333
    ],
    "bitrate_blocking_ratio": [
      0.0009492679871604165,
      0.0042374540045408285,
      0.017972481014640256,
      0.04307425820089251,
      0.07378193585427595,
      0.11237408335290587,
      0.15436369686056525,
      0.20471078316239985,
      0.24190838748401577,
      0.2838653800986456
    ],
    "bit_blocking_ratio": [
      0.0008870716369617941,
      0.003445094661634526,
      0.017858711938227866,
      0.04352909408419097,
      0.07235806222013833,
      0.1131935917424032,
      0.15254652380213793,
      0.19995876341001081,
      0.23765516945161494,
      0.27711707835489335
    ],
    "avg_hops": [
      2.166321969444259,
      2.125978195438432,
      2.080827194701629,
      2.0159895241048966,
      1.9616797344070072,
      1.9128818254720419,
      1.8816445182724253,
      1.870699881376038,
      1.832202419882276,
      1.8254420265215914
    ],
    "avg_otn_switching": [
      0.5409580083160698,
      0.6188486611734326,
      0.683954727066954,
      0.7332479297196609,
      0.7739454075524387,
      0.7990172171784661,
      0.8200785587245112,
      0.8279483955893953,
      0.8317844934313249,
      0.8347409646632061
    ],
    "multi_demand_lightpath_ratio": [
      0.673557142872885,
      0.6755073414773246,
      0.675561234310002,
      0.6616233966282538,
      0.6660802062255571,
      0.657879793564494,
      0.6573933267162593,
      0.6562654103894033,
      0.6582746376676637,
      0.6593367739249111
    ],
    "avg_lightpath_usage": [
      0.7259067425260037,
      0.7323109311156026,
      0.736054165451287,
      0.7342761694345942,
      0.7357491354267425,
      0.7335670111493521,
      0.7318509682985574,
      0.7278165110661016,
      0.7229366126075025,
      0.7161666085988105
    ],
    "spectrum_usage": [
      0.30961833135011213,
      0.35542363977892266,
      0.3985183060357797,
      0.4396143692108982,
      0.47464084434390147,
      0.5066080689517182,
      0.5294917999357011,
      0.5426113171384885,
      0.5583233906018641,
      0.5637739640001326
    ]
  },
  "OneFrag": {
    "blocking_ratio": [
      0.0,
      0.00016666666666666666,
      0.0013333333333333333,
      0.0089,
      0.025733333333333334,
      0.058,
      0.09323333333333333,
      0.13023333333333334,
      0.16523333333333334,
      0.20016666666666666
    ],
    "bitrate_blocking_ratio": [
      0.0,
      0.0001924632688744487,
      0.0016734518124168168,
      0.01225566951120854,
      0.035230564471932985,
      0.07672597145019443,
      0.12476349852553563,
      0.17483167619196743,
      0.2186415355306767,
      0.2665094339622642
    ],
    "bit_blocking_ratio": [
      0.0,
      7.040449908123444e-05,
      0.0013808344596819358,
      0.011726935585873368,
      0.03666380115479397,
      0.07754067558041489,
      0.12251615844228739,
      0.17335736309180716,
      0.21455888742605242,
      0.26136280580434446
    ],
    "avg_hops": [
      1.6759333333333333,
      1.6696449408234706,
      1.6322429906542055,
      1.6758147512864494,
      1.6771246749692077,
      1.685102618542109,
      1.6866154468257177,
      1.7070095427892538,
      1.6818671884358902,
      1.6920191706605543
    ],
    "avg_otn_switching": [
      0.46884447746021735,
      0.5418297300022521,
      0.6060902469076508,
      0.6806953025260954,
      0.7327174968453264,
      0.7709097158110301,
      0.7944098261462107,
      0.8114439069781291,
      0.8135915687868923,
      0.818289396600455
    ],
    "multi_demand_lightpath_ratio": [
      0.5302594726409021,
      0.546251816308843,
      0.5486784644148291,
      0.5739136619307351,
      0.5864165734558529,
      0.5956905855852862,
      0.6038164154469509,
      0.6179234521449155,
      0.6176196327024874,
      0.6246075680336584
    ],
    "avg_lightpath_usage": [
      0.6528948828804757,
      0.6680631947155086,
      0.6736304371084244,
      0.6922640959460498,
      0.6978529963175302,
      0.701059140945057,
      0.7018068883409078,
      0.7055920383893711,
      0.7013842440255408,
      0.7045428892693969
    ],
    "spectrum_usage": [
      0.383030234086797,
      0.4318486827775903,
      0.4890276231882708,
      0.5204177906315604,
      0.5613107316532571,
      0.586373711796275,
      0.6062039811097127,
      0.6099701258553255,
      0.6215125738100334,
      0.6230294800334816
    ]
  },
  "description": "include_OTN_frag=OFM, sp_algo=base, overlap_num=0, topology=nsfnet, sorted",
  "traffic_intensities": [
    300,
    350,
    400,
    450,
    500,
    550,
    600,
    650,
    700,
    750
  ]
}