{
  "MinPB": {
    "blocking_ratio": [
      0.0004333333333333333,
      0.0029666666666666665,
      0.0113,
      0.0301,
      0.0551,
      0.08383333333333333,
      0.11553333333333334,
      0.15486666666666668,
      0.1844,
      0.2165
    ],
    "bitrate_blocking_ratio": [
      0.0005007307080038624,
      0.0038150134398079283,
      0.01485066155171064,
      0.03944844594065607,
      0.0727821054829197,
      0.11073977661212453,
      0.15304091964821628,
      0.20298350687648425,
      0.24386890315509277,
      0.28485216211279
    ],
    "bit_blocking_ratio": [
      0.00039064510836552365,
      0.0030706721827815343,
      0.01453459073272442,
      0.04108786011053734,
      0.07252797013104251,
      0.11096272147406498,
      0.15422016383472206,
      0.20016513978077077,
      0.2418324102368022,
      0.27934790157809314
    ],
    "avg_hops": [
      2.1668389635508722,
      2.132660225335161,
      2.0877920501668856,
      2.0300374609066227,
      1.9662398137369035,
      1.9149354193196289,
      1.884600889424889,
      1.8722883963082748,
      1.8457985940820665,
      1.830036162518613
    ],
    "avg_otn_switching": [
      0.5413681137300224,
      0.6202249670940574,
      0.6879702977532244,
      0.7375132457802593,
      0.7762404309192052,
      0.8040102581238441,
      0.8207057610168292,
      0.831570833651148,
      0.8309964450794449,
      0.8345544911827004
    ],
    "multi_demand_lightpath_ratio": [
      0.6507840259312451,
      0.6526025434933669,
      0.6528909527345818,
      0.6454057559798693,
      0.6379469155307834,
      0.6333175134687005,
      0.6302860698817935,
      0.6317185710442894,
      0.6394034216178165,
      0.6321253424695289
    ],
    "avg_lightpath_usage": [
      0.743511409542868,
      0.7507896822307617,
      0.7516970862022184,
      0.752880933889305,
      0.7516996214113782,
      0.7523004866018549,
      0.7461268172475224,
      0.746265059217093,
      0.7370846595645792,
      0.7379774996120598
    ],
    "spectrum_usage": [
      0.3056686276400251,
      0.3501614351060019,
      0.3934816392434124,
      0.4322580918355089,
      0.47024364693025,
      0.5008037082686351,
      0.5268019721544773,
      0.5375038322589801,
      0.5467415832429632,
      0.5541273336231453
    ]
  },
  "OneFrag": {
    "blocking_ratio": [
      0.0,
      0.0,
      0.0013666666666666666,
      0.009033333333333334,
      0.0299,
      0.062266666666666665,
      0.09876666666666667,
      0.1338,
      0.17133333333333334,
      0.20396666666666666
    ],
    "bitrate_blocking_ratio": [
      0.0,
      0.0,
      0.001872439259897179,
      0.012134972206999139,
      0.04087887210000261,
      0.08359430047756987,
      0.13179003888410448,
      0.17825034578146612,
      0.22794012108875492,
      0.2706098802160808
    ],
    "bit_blocking_ratio": [
      0.0,
      0.0,
      0.0015806858720420348,
      0.011832889471874731,
      0.04106581714998045,
      0.08352272433157747,
      0.13114365816998155,
      0.17531961390268824,
      0.22366343602707187,
      0.26612210461784863
    ],
    "avg_hops": [
      1.7490666666666668,
      1.7354,
      1.708334724122968,
      1.6963907295906353,
      1.7114730440160808,
      1.7206028721740367,
      1.7288900395753968,
      1.7196182559839914,
      1.7177795655671761,
      1.7239646580963945
    ],
    "avg_otn_switching": [
      0.47872500480062374,
      0.551403116940566,
      0.6195006563989198,
      0.6831611426477506,
      0.7364330246257995,
      0.7742744167983941,
      0.797772467208721,
      0.8117559083300716,
      0.8156696385829382,
      0.8195471970688523
    ],
    "multi_demand_lightpath_ratio": [
      0.5346986683287052,
      0.5466486317852733,
      0.558862297508078,
      0.5610364547663749,
      0.5748539999665433,
      0.5795695253817136,
      0.589878241405763,
      0.5941963214096474,
      0.601506492412828,
      0.6023854315677513
    ],
    "avg_lightpath_usage": [
      0.7066780707176278,
      0.7147154545262855,
      0.719354416219195,
      0.7265304139379469,
      0.7319554097706339,
      0.7343161162567662,
      0.73438857421986,
      0.732076680682494,
      0.7289761533434188,
      0.7262670971907269
    ],
    "spectrum_usage": [
      0.35267220401592086,
      0.40284979816380045,
      0.45450471196429115,
      0.5015263201384249,
      0.5362184043186867,
      0.5625908550074552,
      0.5799142175964863,
      0.5937139896344494,
      0.5973350916169189,
      0.5980906575912577
    ]
  },
  "description": "include_OTN_frag=None, sp_algo=LOC-SP-algo, overlap_num=0, topology=nsfnet, sorted",
  "traffic_intensities": [
    300,
    350,
    400,
    450,
    500,
    550,
    600,
    650,
    700,
    750
  ]
}