{
  "MinEn": {
    "blocking_ratio": [
      0.03866666666666667,
      0.047933333333333335,
      0.054266666666666664,
      0.06913333333333334,
      0.07823333333333334
    ],
    "avg_hops": [
      1.1330790568654647,
      1.1869967089139417,
      1.2370999577047794,
      1.2816371839862495,
      1.3333815499222508
    ],
    "avg_otn_switching": [
      0.34575807731285746,
      0.4050594077946435,
      0.4646642699588949,
      0.5175350583879799,
      0.5741653698373076
    ],
    "multi_demand_lightpath_ratio": [
      0.32984929239431326,
      0.3855467929085232,
      0.4288484420237512,
      0.4659725467395947,
      0.5011044732207275
    ],
    "avg_lightpath_usage": [
      0.6635466070002284,
      0.6774913500343283,
      0.6879645139021084,
      0.6984372864584636,
      0.7107497578736348
    ],
    "spectrum_usage": [
      0.4286074701700575,
      0.469988025783596,
      0.5078201263482401,
      0.5363706773446825,
      0.5630671324213823
    ]
  },
  "MinPB": {
    "blocking_ratio": [
      0.0032333333333333333,
      0.0112,
      0.022566666666666665,
      0.031433333333333334,
      0.05093333333333333
    ],
    "avg_hops": [
      1.5736213757816941,
      1.5584209816612729,
      1.591924427923473,
      1.6013697215817186,
      1.6167813992694577
    ],
    "avg_otn_switching": [
      0.4354595984527818,
      0.4961761693981521,
      0.5609708987542115,
      0.6202901721790178,
      0.6716500648517987
    ],
    "multi_demand_lightpath_ratio": [
      0.5762608361052108,
      0.5888390249486352,
      0.6085687228222677,
      0.6227120927277071,
      0.6398556398489834
    ],
    "avg_lightpath_usage": [
      0.7101178705942895,
      0.71708878049952,
      0.7240503034992429,
      0.7317507178166577,
      0.7373926741695543
    ],
    "spectrum_usage": [
      0.3748475627300026,
      0.4222052675938053,
      0.4551181898921482,
      0.48956897770426033,
      0.5158225233806497
    ]
  },
  "OneFrag": {
    "blocking_ratio": [
      0.006333333333333333,
      0.0127,
      0.024833333333333332,
      0.035866666666666665,
      0.048
    ],
    "avg_hops": [
      1.4874538745387453,
      1.4940747493163171,
      1.511604853871133,
      1.5303899875535887,
      1.5439075630252102
    ],
    "avg_otn_switching": [
      0.41787263215450865,
      0.48041328110135606,
      0.540475452347876,
      0.5988245335086867,
      0.6555206163134316
    ],
    "multi_demand_lightpath_ratio": [
      0.5290726120500491,
      0.5443036346857942,
      0.5654384373783771,
      0.5854388599341599,
      0.5955231960867888
    ],
    "avg_lightpath_usage": [
      0.6991706846722544,
      0.7080378088607298,
      0.7141453441408004,
      0.7229300184561881,
      0.7247295500415565
    ],
    "spectrum_usage": [
      0.38679098873459505,
      0.4339930842028398,
      0.4681752160027402,
      0.5027098498402884,
      0.5400140959523572
    ]
  },
  "description": "include_OTN_frag=None, sp_algo=base, overlap_num=15"
}