{
  "MinEn": {
    "blocking_ratio": [
      0.02925,
      0.03935,
      0.05135
    ],
    "avg_hops": [
      1.0591295390162245,
      1.0938947587570915,
      1.1186949876139778
    ],
    "avg_otn_switching": [
      0.2719358961608227,
      0.31291693866172965,
      0.3471941248789468
    ],
    "multi_demand_lightpath_ratio": [
      0.3139473672541372,
      0.35781052986146167,
      0.3804052029660784
    ],
    "avg_lightpath_usage": [
      0.6292148241013524,
      0.6354264813825221,
      0.6402899221694943
    ],
    "spectrum_usage": [
      0.3789981990622847,
      0.41461887599744063,
      0.43989462908677296
    ]
  },
  "MinPB": {
    "blocking_ratio": [],
    "avg_hops": [],
    "avg_otn_switching": [],
    "multi_demand_lightpath_ratio": [],
    "avg_lightpath_usage": [],
    "spectrum_usage": []
  }
}