{
  "MinEn": {
    "blocking_ratio": [
      0.02925,
      0.03935,
      0.05135,
      0.0618,
      0.0702
    ],
    "avg_hops": [
      1.0591295390162245,
      1.0938947587570915,
      1.1186949876139778,
      1.1422937539970155,
      1.1637986663798667
    ],
    "avg_otn_switching": [
      0.2719358961608227,
      0.31291693866172965,
      0.3471941248789468,
      0.38362351294878166,
      0.41540385899180937
    ],
    "multi_demand_lightpath_ratio": [
      0.3139473672541372,
      0.35781052986146167,
      0.3804052029660784,
      0.4101650850189602,
      0.4280199249544941
    ],
    "avg_lightpath_usage": [
      0.6292148241013524,
      0.6354264813825221,
      0.6402899221694943,
      0.6476475274659339,
      0.6571010125965467
    ],
    "spectrum_usage": [
      0.3789981990622847,
      0.41461887599744063,
      0.43989462908677296,
      0.4662811356494181,
      0.4827853032394195
    ]
  },
  "MinPB": {
    "blocking_ratio": [
      0.0013,
      0.00655,
      0.0094,
      0.01845,
      0.02745
    ],
    "avg_hops": [
      1.5346450385501151,
      1.5021390105188988,
      1.5175146375933777,
      1.4908053588711732,
      1.505732353092386
    ],
    "avg_otn_switching": [
      0.3408951438483282,
      0.3843931960980889,
      0.4331865819404389,
      0.4699361243082511,
      0.5146564079979948
    ],
    "multi_demand_lightpath_ratio": [
      0.579742494448593,
      0.5820685314128283,
      0.591591668230628,
      0.5843814534527394,
      0.5887047293434602
    ],
    "avg_lightpath_usage": [
      0.6682003810762679,
      0.6711696193146385,
      0.6779958537897227,
      0.6810006243322176,
      0.6910255473118335
    ],
    "spectrum_usage": [
      0.31739268914544316,
      0.35808831116458617,
      0.39012773735852785,
      0.4223684061106084,
      0.44532278685265014
    ]
  }
}