{
  "MinEn": {
    "blocking_ratio": [
      0.0304,
      0.04302,
      0.05284,
      0.06102,
      0.07024
    ],
    "avg_hops": [
      1.0607260726072607,
      1.0911408806871616,
      1.1191773301237384,
      1.1471383842041365,
      1.1710764068146617
    ],
    "avg_otn_switching": [
      0.0,
      0.0,
      0.0,
      0.0,
      0.0
    ],
    "multi_demand_lightpath_ratio": [
      0,
      0,
      0,
      0,
      0
    ],
    "avg_lightpath_usage": [
      0,
      0,
      0,
      0,
      0
    ],
    "spectrum_usage": [
      0.0,
      0.0,
      0.0,
      0.0,
      0.0
    ]
  },
  "MaxMux": {
    "blocking_ratio": [
      0.01588,
      0.02378,
      0.03514,
      0.04626,
      0.05622
    ],
    "avg_hops": [
      1.643519083038654,
      1.6225440986662842,
      1.6216445909251083,
      1.6139828464780759,
      1.5902646803280425
    ],
    "avg_otn_switching": [
      0.0,
      0.0,
      0.0,
      0.0,
      0.0
    ],
    "multi_demand_lightpath_ratio": [
      0,
      0,
      0,
      0,
      0
    ],
    "avg_lightpath_usage": [
      0,
      0,
      0,
      0,
      0
    ],
    "spectrum_usage": [
      0.0,
      0.0,
      0.0,
      0.0,
      0.0
    ]
  },
  "MaxSE": {
    "blocking_ratio": [
      0.00976,
      0.01864,
      0.0302,
      0.03828,
      0.04898
    ],
    "avg_hops": [
      1.2658749394086282,
      1.2671394799054374,
      1.2838729634976285,
      1.294513995757601,
      1.2992576391663688
    ],
    "avg_otn_switching": [
      0.0,
      0.0,
      0.0,
      0.0,
      0.0
    ],
    "multi_demand_lightpath_ratio": [
      0,
      0,
      0,
      0,
      0
    ],
    "avg_lightpath_usage": [
      0,
      0,
      0,
      0,
      0
    ],
    "spectrum_usage": [
      0.0,
      0.0,
      0.0,
      0.0,
      0.0
    ]
  },
  "MinPB": {
    "blocking_ratio": [
      0.0009,
      0.00488,
      0.01176,
      0.02138,
      0.02656
    ],
    "avg_hops": [
      1.520148133319988,
      1.5109534528499076,
      1.5048975957257347,
      1.5040158590668493,
      1.5051775147928994
    ],
    "avg_otn_switching": [
      0.0,
      0.0,
      0.0,
      0.0,
      0.0
    ],
    "multi_demand_lightpath_ratio": [
      0,
      0,
      0,
      0,
      0
    ],
    "avg_lightpath_usage": [
      0,
      0,
      0,
      0,
      0
    ],
    "spectrum_usage": [
      0.0,
      0.0,
      0.0,
      0.0,
      0.0
    ]
  }
}