{
  "MinEn": {
    "blocking_ratio": [
      0.0212,
      0.0324,
      0.0403,
      0.0459,
      0.05655
    ],
    "avg_hops": [
      1.1488046587658358,
      1.2051984291029352,
      1.2588829842659164,
      1.3050518813541558,
      1.3438973978483226
    ],
    "avg_otn_switching": [
      0.3411350224592675,
      0.397198016735022,
      0.4552787843633651,
      0.5104534693978608,
      0.5584433120584006
    ],
    "multi_demand_lightpath_ratio": [
      0.40466525470602044,
      0.4401434128798442,
      0.47870618310981666,
      0.5097315511595951,
      0.535137875464417
    ],
    "avg_lightpath_usage": [
      0.5785518872313473,
      0.603979835834624,
      0.6218373536241679,
      0.6364362636200201,
      0.644091812702878
    ],
    "spectrum_usage": [
      0.45932410231903265,
      0.49216022846935675,
      0.5239418730773217,
      0.5550260446766278,
      0.5750913335892359
    ]
  },
  "MinPB": {
    "blocking_ratio": [
      0.00255,
      0.0091,
      0.01615,
      0.02365,
      0.0411
    ],
    "avg_hops": [
      1.5768208932778585,
      1.5756383086083359,
      1.5721908827565179,
      1.5976340451682287,
      1.610439044738763
    ],
    "avg_otn_switching": [
      0.42131088382692233,
      0.4794153012492637,
      0.5344743640333367,
      0.5936439147231042,
      0.6419063568279714
    ],
    "multi_demand_lightpath_ratio": [
      0.5902887547013524,
      0.5961745661388892,
      0.6043623410095825,
      0.6157750690536425,
      0.6254478069290614
    ],
    "avg_lightpath_usage": [
      0.672078272927068,
      0.6791615708250328,
      0.6849031555113826,
      0.6872129415117969,
      0.7053651084804244
    ],
    "spectrum_usage": [
      0.3692759272944824,
      0.41351152100465133,
      0.4506535690608128,
      0.48173045119214397,
      0.5059838179942482
    ]
  },
  "OneFrag": {
    "blocking_ratio": [
      0.0026,
      0.00895,
      0.0184,
      0.02675,
      0.03955
    ],
    "avg_hops": [
      1.450922398235412,
      1.4492205236869986,
      1.4746841890790545,
      1.4889802209093244,
      1.515383414024676
    ],
    "avg_otn_switching": [
      0.40104865288292835,
      0.45762329373091953,
      0.510813787280778,
      0.5699686295994858,
      0.6191515495633233
    ],
    "multi_demand_lightpath_ratio": [
      0.5195991291474061,
      0.5327955140311273,
      0.5550688909511358,
      0.561537410787164,
      0.580797543238608
    ],
    "avg_lightpath_usage": [
      0.6350813746923369,
      0.6432477259975989,
      0.6561713164920799,
      0.6653762823734127,
      0.6726569693642283
    ],
    "spectrum_usage": [
      0.4023364086690258,
      0.4472502742644104,
      0.4766447321399773,
      0.5197674006073375,
      0.5391822648066191
    ]
  },
  "description": "include_OTN_frag='OEFM', no beam search"
}