{
  "MinPB": {
    "blocking_ratio": [
      0.0027,
      0.0079,
      0.0166,
      0.0294,
      0.0452,
      0.0685,
      0.0916,
      0.115,
      0.1377,
      0.1801
    ],
    "bitrate_blocking_ratio": [
      0.0048240233429944135,
      0.013592308932996417,
      0.028108367016779,
      0.049589200443790594,
      0.07312280976143812,
      0.1045302808881677,
      0.1399797654947923,
      0.17134324856672256,
      0.20060508013157316,
      0.25755494841178683
    ],
    "bit_blocking_ratio": [
      0.004269853197382716,
      0.011363824410634474,
      0.0268616012289356,
      0.047827060841986964,
      0.07364569992948912,
      0.10211020476525723,
      0.14300658825487564,
      0.17025961433919606,
      0.20746714183545673,
      0.2488500656835192
    ],
    "avg_hops": [
      1.5719442494735787,
      1.5761515976212075,
      1.584502745576571,
      1.6011745312178034,
      1.6080854629241725,
      1.6154589371980677,
      1.612395420519595,
      1.6100564971751412,
      1.613243650701612,
      1.619221856323942
    ],
    "avg_otn_switching": [
      0.37986750835569605,
      0.42865710509472815,
      0.4689408627704881,
      0.5052636440014344,
      0.5291113785263536,
      0.5520479605037064,
      0.5547687186646215,
      0.5644624315496756,
      0.5680053131357466,
      0.5642961409815032
    ],
    "multi_demand_lightpath_ratio": [
      0.5344801338817775,
      0.5238525884852946,
      0.5305364178922964,
      0.5331370534440386,
      0.5352823230776048,
      0.532274095482091,
      0.5219644019162376,
      0.519146468236387,
      0.5120404410235695,
      0.5222717955727941
    ],
    "avg_lightpath_usage": [
      0.6346863779162252,
      0.6264924873843633,
      0.6295973054920931,
      0.6282436819151461,
      0.6192776068944428,
      0.6124226398923782,
      0.6003314495390881,
      0.6018504175868589,
      0.5938529183129247,
      0.5757840842931204
    ],
    "spectrum_usage": [
      0.34198357242842164,
      0.37512464641821525,
      0.39766027625026235,
      0.41687219145802057,
      0.4262366215408256,
      0.441069305771062,
      0.4438562797269409,
      0.4528849998922818,
      0.454975153018659,
      0.44834896779606614
    ]
  },
  "OneFrag": {
    "blocking_ratio": [
      0.0059,
      0.0113,
      0.0217,
      0.0285,
      0.0429,
      0.0624,
      0.0894,
      0.1114,
      0.1449,
      0.1639
    ],
    "bitrate_blocking_ratio": [
      0.009823998905186192,
      0.019261880440467054,
      0.037687987839746626,
      0.0491639825807303,
      0.07223327354216255,
      0.0986847571614997,
      0.13589376396009795,
      0.1676091514704229,
      0.21294128572196616,
      0.24080038709488225
    ],
    "bit_blocking_ratio": [
      0.008424950445866707,
      0.01683756310931306,
      0.03520102320668549,
      0.046618714478173263,
      0.07243517047264127,
      0.09829750572608968,
      0.13794278516213893,
      0.16656351940205172,
      0.2080081522397442,
      0.24000750448888508
    ],
    "avg_hops": [
      1.4450256513429232,
      1.4578739759279862,
      1.4858427885106817,
      1.5021101389603706,
      1.5346358792184724,
      1.540315699658703,
      1.553481221172853,
      1.5497411658789106,
      1.5713951584609986,
      1.5520870709245305
    ],
    "avg_otn_switching": [
      0.36168446767993817,
      0.4074673289431603,
      0.4477004132111136,
      0.48759409827408323,
      0.518615225374308,
      0.5398132935903784,
      0.5472319976331188,
      0.5606877900619325,
      0.5598707352680629,
      0.5567318119315927
    ],
    "multi_demand_lightpath_ratio": [
      0.4697658878972931,
      0.4787747509224305,
      0.49087808408471817,
      0.4876829248310067,
      0.4982119243925557,
      0.49537934178171295,
      0.48743262740108917,
      0.4914580727539156,
      0.4943093926972086,
      0.48076206446645214
    ],
    "avg_lightpath_usage": [
      0.5979462876834075,
      0.6015226361747725,
      0.6030562554590313,
      0.6049788901918896,
      0.6048968767772787,
      0.5986078268799959,
      0.5890088476951126,
      0.5904909379615768,
      0.5868454094995993,
      0.5794937372471922
    ],
    "spectrum_usage": [
      0.370400949938527,
      0.39964048221632886,
      0.42171682689732715,
      0.4457387566722617,
      0.45304424150916267,
      0.46983471467012705,
      0.46704340116033694,
      0.48208477239609976,
      0.46909663742006574,
      0.47611372242056965
    ]
  },
  "description": "include_OTN_frag=OFM, sp_algo=base, overlap_num=0, topology=nsfnet",
  "traffic_intensities": [
    300,
    350,
    400,
    450,
    500,
    550,
    600,
    650,
    700,
    750
  ]
}