{
  "MinPB": {
    "blocking_ratio": [
      0.0005,
      0.0069,
      0.0097,
      0.0136,
      0.0173,
      0.0228,
      0.0319,
      0.0418,
      0.0479,
      0.0553
    ],
    "bitrate_blocking_ratio": [
      0.0008555407261829684,
      0.011029142161535867,
      0.015976611960948232,
      0.02218050442681216,
      0.02837461928437685,
      0.03701802502089964,
      0.0515622173660101,
      0.06701572728294931,
      0.0755418017198813,
      0.0872162660291666
    ],
    "bit_blocking_ratio": [
      0.0007739538854163104,
      0.012698319289132018,
      0.019730958220383215,
      0.024802095553545865,
      0.03186767711710934,
      0.042428175382241876,
      0.05504588995210062,
      0.06743958067479593,
      0.07860251425728088,
      0.09379208116724652
    ],
    "avg_hops": [
      1.7931965982991496,
      1.7827006343772027,
      1.7624962132687065,
      1.7559813463098135,
      1.748855194871273,
      1.7551166598444536,
      1.7657266811279826,
      1.7455646002922145,
      1.7589538913979623,
      1.76426378744575
    ],
    "avg_otn_switching": [
      0.24236194677130254,
      0.27138599485223946,
      0.29648863243870277,
      0.32343611780016024,
      0.34669706477903284,
      0.3693448061805457,
      0.3912762890897906,
      0.4030713735019772,
      0.4241371850832671,
      0.4337785334389004
    ],
    "multi_demand_lightpath_ratio": [
      0.5059201059633871,
      0.508031530951213,
      0.4977290472504724,
      0.4996390800324142,
      0.509472961483982,
      0.5039002783985688,
      0.4991559273576467,
      0.48847023536205497,
      0.4855483396888494,
      0.48561390844483343
    ],
    "avg_lightpath_usage": [
      0.6144239234797282,
      0.6115386806773211,
      0.6080309036836464,
      0.6229751964610859,
      0.6245185740023075,
      0.6136843424286204,
      0.6108543975035793,
      0.609845915673401,
      0.6054195905992681,
      0.6024198491125501
    ],
    "spectrum_usage": [
      0.21231324289146403,
      0.23423987384682354,
      0.2562365518527704,
      0.27419393152519234,
      0.2856624664849216,
      0.29970540104620835,
      0.30866254365640355,
      0.321212979926404,
      0.33124700363957954,
      0.33789782076360625
    ]
  },
  "OneFrag": {
    "blocking_ratio": [
      0.0018,
      0.0059,
      0.0085,
      0.0165,
      0.0204,
      0.0272,
      0.0318,
      0.0363,
      0.0495,
      0.0577
    ],
    "bitrate_blocking_ratio": [
      0.0031386122640540896,
      0.009811829928281243,
      0.01409931116749532,
      0.026961754885137548,
      0.0332585346298442,
      0.04499655339307452,
      0.05140577563322236,
      0.058646094578805076,
      0.07849952823039956,
      0.09079487066668622
    ],
    "bit_blocking_ratio": [
      0.003802094484208195,
      0.011641620321428736,
      0.015877844176148802,
      0.026831601649936584,
      0.038956802557052084,
      0.04492477972349921,
      0.05286028597308915,
      0.06045109259086643,
      0.0790990149609316,
      0.09729937461648865
    ],
    "avg_hops": [
      1.7033660589060309,
      1.6824263152600343,
      1.6940998487140695,
      1.6984239959328928,
      1.6838505512454063,
      1.698704769736842,
      1.6902499483577773,
      1.7029158451800352,
      1.713519200420831,
      1.7151650217552796
    ],
    "avg_otn_switching": [
      0.23183639319757052,
      0.2599607462539612,
      0.2912779811887061,
      0.31615262256321663,
      0.3356311554846162,
      0.3601297270933522,
      0.3810094607598434,
      0.399050470455636,
      0.41337853037401034,
      0.42594448049689776
    ],
    "multi_demand_lightpath_ratio": [
      0.4403676049298706,
      0.43252062648373274,
      0.4423712529685634,
      0.4561410095298473,
      0.45223504792853736,
      0.44225999947075606,
      0.452872017357318,
      0.4500977713741239,
      0.4439036047534365,
      0.44377357732113687
    ],
    "avg_lightpath_usage": [
      0.613834426646407,
      0.6106404563284393,
      0.6034092254553269,
      0.6049816689961328,
      0.605278647214467,
      0.6073059962176166,
      0.604415197954888,
      0.6039420917410842,
      0.6110872262722119,
      0.6041147225653438
    ],
    "spectrum_usage": [
      0.22020835886991813,
      0.24400014936943032,
      0.2649981010933799,
      0.278513602235833,
      0.2934493732952317,
      0.30939467596664744,
      0.321201024230366,
      0.33260112251060864,
      0.33855050359706906,
      0.346152964296878
    ]
  },
  "description": "include_OTN_frag=None, sp_algo=base, overlap_num=0, topology=USNET",
  "traffic_intensities": [
    300,
    350,
    400,
    450,
    500,
    550,
    600,
    650,
    700,
    750
  ]
}