{
  "MinPB": {
    "blocking_ratio": [
      0.0005,
      0.0125,
      0.0322,
      0.0607,
      0.096,
      0.1233,
      0.1589,
      0.1924,
      0.2241,
      0.2437
    ],
    "bitrate_blocking_ratio": [
      0.000693407296778323,
      0.01656904009154916,
      0.04333068254553213,
      0.07837926954632736,
      0.12585099986422793,
      0.16260643559555443,
      0.20776519192350215,
      0.24782764707023294,
      0.28756521907791377,
      0.31225633764571253
    ],
    "bit_blocking_ratio": [
      0.0007128926526687627,
      0.016266321556621825,
      0.04105865684714469,
      0.07379835879579881,
      0.12387819915284068,
      0.15738159000923105,
      0.1988588814025986,
      0.23993745886867432,
      0.2777274325155096,
      0.3103736554087349
    ],
    "avg_hops": [
      1.6823411705852926,
      1.6713924050632911,
      1.6267823930564167,
      1.5920366230171403,
      1.5623893805309734,
      1.5272042888103114,
      1.495779336583046,
      1.4687964338781576,
      1.4568887743265886,
      1.4317069945788707
    ],
    "avg_otn_switching": [
      0.5167103628297366,
      0.5742809608752663,
      0.6144934514321423,
      0.6435866656979868,
      0.6529935222382552,
      0.6628511832238574,
      0.6611314056589505,
      0.6559397779978354,
      0.6531786955645782,
      0.6467629227793348
    ],
    "multi_demand_lightpath_ratio": [
      0.5771347465762667,
      0.5733912542638822,
      0.5595475915124619,
      0.5584603339628327,
      0.5418364014046092,
      0.5339788448624299,
      0.5290412497000159,
      0.513788750625014,
      0.5055344404048819,
      0.5001271616733843
    ],
    "avg_lightpath_usage": [
      0.6619917799917671,
      0.6549627412468669,
      0.6495946093372325,
      0.646033460072322,
      0.6341914206516074,
      0.6294484076493914,
      0.6055780959148322,
      0.6037794229551509,
      0.6009856143592615,
      0.5923007044085827
    ],
    "spectrum_usage": [
      0.1856741760132159,
      0.20693510763247405,
      0.22398837047454304,
      0.23965323922084175,
      0.25239279292915057,
      0.2642393478063703,
      0.2701187650018703,
      0.2703694543245465,
      0.2759601109708446,
      0.2779727977871342
    ]
  },
  "OneFrag": {
    "blocking_ratio": [
      0.0,
      0.0019,
      0.0136,
      0.0332,
      0.0626,
      0.0955,
      0.1323,
      0.1573,
      0.1944,
      0.2188
    ],
    "bitrate_blocking_ratio": [
      0.0,
      0.002734837170510309,
      0.017538840506623736,
      0.04421320092325,
      0.0821663401671936,
      0.12688383730628236,
      0.1732742401613748,
      0.20697480458521636,
      0.2510037434296022,
      0.2817027755687879
    ],
    "bit_blocking_ratio": [
      0.0,
      0.0024641995337058424,
      0.015096054464163277,
      0.04100905781672709,
      0.07825542533304117,
      0.12226079067356946,
      0.16201032308263646,
      0.2030312759962959,
      0.24384241494466447,
      0.2811778389200824
    ],
    "avg_hops": [
      1.4234,
      1.408175533513676,
      1.4158556366585564,
      1.3870500620604054,
      1.364198847877107,
      1.3585406301824212,
      1.337904805808459,
      1.3338079981013409,
      1.3246027805362464,
      1.3266769073220686
    ],
    "avg_otn_switching": [
      0.47598633523652295,
      0.5366877285887279,
      0.590158701141999,
      0.621530980484822,
      0.6404011234566203,
      0.651641656705339,
      0.6558815045594536,
      0.6545570516164995,
      0.6528821344508161,
      0.6446997408643101
    ],
    "multi_demand_lightpath_ratio": [
      0.48010511110664117,
      0.47002593795864006,
      0.4730957579554952,
      0.470217704540944,
      0.46522491919883235,
      0.4617387836542882,
      0.4636289949166235,
      0.45989807249211034,
      0.4492437221057653,
      0.45422707763302034
    ],
    "avg_lightpath_usage": [
      0.616476653301196,
      0.6145204141736017,
      0.6165327951738854,
      0.6104370965692852,
      0.6014179964559287,
      0.6022118412706757,
      0.5935456624733807,
      0.5775491025778884,
      0.5805147535138829,
      0.5756474918190104
    ],
    "spectrum_usage": [
      0.21406114906280763,
      0.23796801754822156,
      0.2575921959129174,
      0.28044351269346707,
      0.2919988703327857,
      0.3006592352721679,
      0.3059180351033501,
      0.30848636269329094,
      0.3099892697351746,
      0.30835468478665995
    ]
  },
  "description": "include_OTN_frag=ABP, sp_algo=base, overlap_num=3, topology=cost_239, sorted",
  "traffic_intensities": [
    300,
    350,
    400,
    450,
    500,
    550,
    600,
    650,
    700,
    750
  ]
}