{
  "MinEn": {
    "blocking_ratio": [
      0.028,
      0.0427,
      0.05535,
      0.0633,
      0.07375
    ],
    "avg_hops": [
      1.0575102880658436,
      1.0814269299070303,
      1.1090350923622505,
      1.129550549802498,
      1.1499055330634278
    ],
    "avg_otn_switching": [
      0.27115760805745465,
      0.30732185545893576,
      0.34224046206506525,
      0.37538259424177045,
      0.40466543366570457
    ],
    "multi_demand_lightpath_ratio": [
      0.3122739731874931,
      0.3442427243424929,
      0.3732388572586068,
      0.3904130976536016,
      0.4162278399316753
    ],
    "avg_lightpath_usage": [
      0.631799600542592,
      0.6315447330726511,
      0.6392985543269997,
      0.6409934839185327,
      0.6449904504868776
    ],
    "spectrum_usage": [
      0.3773150101688094,
      0.4101843092478737,
      0.435779559202671,
      0.4598266421541325,
      0.47995262892249535
    ]
  },
  "MinPB": {
    "blocking_ratio": [
      0.00245,
      0.0083,
      0.01925,
      0.0293,
      0.03545
    ],
    "avg_hops": [
      1.4983208861711192,
      1.4759503882222447,
      1.4549579403517716,
      1.4568867827341094,
      1.444404126276502
    ],
    "avg_otn_switching": [
      0.32961418704440876,
      0.37424744287423034,
      0.4064009766058776,
      0.44608721074108176,
      0.4813630144096318
    ],
    "multi_demand_lightpath_ratio": [
      0.5239934574844008,
      0.5214749758832948,
      0.5118398353705886,
      0.5141944378564907,
      0.5068859251377471
    ],
    "avg_lightpath_usage": [
      0.6718153556795443,
      0.68164135548268,
      0.6831630209749634,
      0.6867355043493809,
      0.6912940701604068
    ],
    "spectrum_usage": [
      0.31989854229649917,
      0.3555939480025913,
      0.38241471983300435,
      0.411062829193359,
      0.43806638915393237
    ]
  }
}