{
  "MinEn": {
    "blocking_ratio": [
      0.0438,
      0.0508,
      0.0566,
      0.0699,
      0.0858,
      0.0968,
      0.1094,
      0.1276,
      0.1491,
      0.1787
    ],
    "bitrate_blocking_ratio": [
      0.07332808735050171,
      0.08526840044770065,
      0.09414909995552319,
      0.11653901984838784,
      0.14244309656355542,
      0.15985747870245012,
      0.17934907454020263,
      0.2067145321870372,
      0.2335130326831247,
      0.27605925679737636
    ],
    "bit_blocking_ratio": [
      0.07260602917026128,
      0.08045441269975583,
      0.08922211203219262,
      0.11603130840124722,
      0.14031243666798762,
      0.16225815016267084,
      0.17723712590496662,
      0.20449771326637003,
      0.23161275632690304,
      0.27771238827693007
    ],
    "avg_hops": [
      1.129784563898766,
      1.18921196797303,
      1.2355310578757686,
      1.2788947425008064,
      1.3214832640560052,
      1.3550708591674048,
      1.392319784415001,
      1.4238881247134343,
      1.4557527324009871,
      1.4425910142457081
    ],
    "avg_otn_switching": [
      0.2975679787998945,
      0.3424477996853839,
      0.3838320002159969,
      0.41543838814131717,
      0.4408604774376034,
      0.4649214252788273,
      0.49157033186955135,
      0.5081542520839087,
      0.5197079607064949,
      0.5062063663663829
    ],
    "multi_demand_lightpath_ratio": [
      0.2910366788413752,
      0.3401072782333401,
      0.35262031448660175,
      0.38358249739839106,
      0.38683468437411406,
      0.41556590615743055,
      0.4217797066191831,
      0.4214102260931673,
      0.42147847660983184,
      0.4199943150971439
    ],
    "avg_lightpath_usage": [
      0.625452495320596,
      0.6293541703680943,
      0.6307674051895882,
      0.6194557646987643,
      0.6205529067206685,
      0.6197951138461246,
      0.6162569101082462,
      0.6089652206389335,
      0.6078770051268556,
      0.6179217361019186
    ],
    "spectrum_usage": [
      0.37437656336922376,
      0.40339226693782804,
      0.42912149624461093,
      0.4422453323815965,
      0.44678937432468374,
      0.45521859731730674,
      0.461727929620441,
      0.4629475017311874,
      0.46578909420580955,
      0.45780034750603393
    ]
  },
  "MinPB": {
    "blocking_ratio": [
      0.006,
      0.0133,
      0.0229,
      0.0373,
      0.0565,
      0.0725,
      0.0977,
      0.1204,
      0.1514,
      0.174
    ],
    "bitrate_blocking_ratio": [
      0.010503369973753793,
      0.022477896002463332,
      0.0390174046070156,
      0.06307887058225523,
      0.0934843915718887,
      0.11643638105385604,
      0.15357207442778872,
      0.18356704023929502,
      0.22650426928509637,
      0.25660676145277883
    ],
    "bit_blocking_ratio": [
      0.009430849688125903,
      0.021341567124392724,
      0.040135799890228765,
      0.06063615029664823,
      0.088712663920377,
      0.11568200659278702,
      0.15084915644772834,
      0.18460571601221681,
      0.2276061802925,
      0.2567775315380884
    ],
    "avg_hops": [
      1.5796780684104628,
      1.5758589236850107,
      1.5816190768600962,
      1.581697309649943,
      1.609009009009009,
      1.6056064690026954,
      1.6017954117255901,
      1.5919736243747158,
      1.598750883808626,
      1.6153753026634383
    ],
    "avg_otn_switching": [
      0.3794052871533637,
      0.4222082347944896,
      0.4602356209171021,
      0.49051632271702494,
      0.5194979747733969,
      0.5368200588807034,
      0.5468758126106891,
      0.5508058845706603,
      0.5469235975986305,
      0.5548536090225807
    ],
    "multi_demand_lightpath_ratio": [
      0.5060966675201013,
      0.5093963487772974,
      0.5235723465623126,
      0.5184934489453673,
      0.5077644448683729,
      0.5204888275044892,
      0.4888995255369186,
      0.48377293430546775,
      0.4786898518247918,
      0.4744222876912366
    ],
    "avg_lightpath_usage": [
      0.6605196299461241,
      0.6529952555760834,
      0.6520478999887254,
      0.6493976980334341,
      0.6368065821043533,
      0.6391426753940334,
      0.6275018206677287,
      0.6099765073232338,
      0.6048773789103049,
      0.584267828607907
    ],
    "spectrum_usage": [
      0.3321295263178327,
      0.36195045878928006,
      0.3837067168414569,
      0.40405515849036416,
      0.4179496038630822,
      0.4259687043118929,
      0.43217844112403636,
      0.43822351059681375,
      0.433436039061617,
      0.43449798588068805
    ]
  },
  "OneFrag": {
    "blocking_ratio": [
      0.0082,
      0.0171,
      0.0259,
      0.0401,
      0.0559,
      0.077,
      0.0954,
      0.1196,
      0.1523,
      0.1794
    ],
    "bitrate_blocking_ratio": [
      0.01348478257682025,
      0.02866554904423732,
      0.04349441107325966,
      0.06743368800739,
      0.09302984833896218,
      0.12364064691765925,
      0.15109896823573687,
      0.18455921525310237,
      0.2296909594772264,
      0.2656389753715769
    ],
    "bit_blocking_ratio": [
      0.013706685158196147,
      0.028059759011526075,
      0.04306862517434381,
      0.06709077800290876,
      0.08993264710343792,
      0.12373552995897782,
      0.1435723262163778,
      0.18681299239244722,
      0.22668357603494113,
      0.2628553552303064
    ],
    "avg_hops": [
      1.470659407138536,
      1.4866212229117917,
      1.491633302535674,
      1.5175539118658194,
      1.5358542527274652,
      1.5726977248104008,
      1.563785098386027,
      1.5454338936846888,
      1.5793323109590658,
      1.5885937119181086
    ],
    "avg_otn_switching": [
      0.36153012108343047,
      0.40583460825505785,
      0.4438897011910201,
      0.4776458708922237,
      0.5043471115995684,
      0.5266144612254301,
      0.5436344329635044,
      0.5388420304199151,
      0.5475703816586707,
      0.543641179511551
    ],
    "multi_demand_lightpath_ratio": [
      0.45854086701774605,
      0.4587939924024558,
      0.465503605371089,
      0.4693281638163737,
      0.469255933172544,
      0.4701969755825278,
      0.46122591352003633,
      0.4640988701781538,
      0.4609124133833052,
      0.4580802189689791
    ],
    "avg_lightpath_usage": [
      0.6467096200835728,
      0.6442783864237459,
      0.6363956175130199,
      0.6304658880571067,
      0.6327220521600762,
      0.6236651319255093,
      0.6164316071153798,
      0.6102920995201437,
      0.6151775857669064,
      0.5906893696600772
    ],
    "spectrum_usage": [
      0.34537103077706677,
      0.3742634310489709,
      0.4001090819951099,
      0.41607341121841857,
      0.42761896773279223,
      0.43291212082182123,
      0.45045215793412874,
      0.4471108856504424,
      0.44711906891784525,
      0.44172734865599717
    ]
  },
  "description": "include_OTN_frag=None, sp_algo=base, overlap_num=0, topology=nsfnet",
  "traffic_intensities": [
    300,
    350,
    400,
    450,
    500,
    550,
    600,
    650,
    700,
    750
  ]
}