{
  "MinPB": {
    "blocking_ratio": [
      0.0,
      0.0006,
      0.005,
      0.0106,
      0.0166,
      0.0283,
      0.0451,
      0.053,
      0.0682,
      0.0827
    ],
    "bitrate_blocking_ratio": [
      0.0,
      0.0007479870348913952,
      0.005974118670831928,
      0.01411397757994417,
      0.022864937007758532,
      0.03699358100015155,
      0.05841632078377308,
      0.06780771355518726,
      0.08988066429070785,
      0.10818923583102337
    ],
    "bit_blocking_ratio": [
      0.0,
      0.000562135349448172,
      0.00812831615518818,
      0.01458459427254124,
      0.022594175958050074,
      0.041064446538815295,
      0.05774700271875518,
      0.07471604161689131,
      0.09280723890091293,
      0.11304750259083804
    ],
    "avg_hops": [
      2.7397,
      2.6893135881528916,
      2.624120603015075,
      2.5897513644633112,
      2.4982713036404314,
      2.4645466707831636,
      2.393758508744371,
      2.369904963041183,
      2.311010946555055,
      2.2875831243867872
    ],
    "avg_otn_switching": [
      0.33452513058231814,
      0.3739841344984935,
      0.4057061980605901,
      0.43881138671696074,
      0.4609123023949752,
      0.47868116585285925,
      0.49066459364312986,
      0.5047011833756765,
      0.5123502745109008,
      0.5207881533287735
    ],
    "multi_demand_lightpath_ratio": [
      0.6720009526973255,
      0.6677247620843744,
      0.6580535028541796,
      0.6482469266252693,
      0.6371479637088615,
      0.622621391249127,
      0.6055275530384446,
      0.5961775158343641,
      0.5835830989406916,
      0.5765899133552946
    ],
    "avg_lightpath_usage": [
      0.6146761905422822,
      0.6190654362453216,
      0.6183901765862476,
      0.6148885208122638,
      0.6142507767863723,
      0.6079415441873177,
      0.600068033806584,
      0.5857288912987281,
      0.5892981703878394,
      0.5873449071603943
    ],
    "spectrum_usage": [
      0.17597658561917862,
      0.19599910783782112,
      0.21466686172345306,
      0.2336156855055998,
      0.25194770664653593,
      0.2669434986268691,
      0.2827926970216343,
      0.2941162547942532,
      0.3073970697985277,
      0.31770845570697176
    ]
  },
  "OneFrag": {
    "blocking_ratio": [
      0.0,
      0.0,
      0.0006,
      0.0006,
      0.0025,
      0.0083,
      0.0185,
      0.0227,
      0.0405,
      0.0557
    ],
    "bitrate_blocking_ratio": [
      0.0,
      0.0,
      0.0007968750763875648,
      0.0006990989933952256,
      0.003519938987724213,
      0.010579372179771106,
      0.023304929381224058,
      0.03033502974837325,
      0.05315596751878523,
      0.07345917115214447
    ],
    "bit_blocking_ratio": [
      0.0,
      0.0,
      0.0008889519421489751,
      0.0008710835032776832,
      0.0026796635564073196,
      0.014338640841279808,
      0.027224170617407627,
      0.03109886943621787,
      0.05048783697495032,
      0.07891157450651197
    ],
    "avg_hops": [
      2.0307,
      2.0262,
      2.012707624574745,
      2.010906543926356,
      1.981954887218045,
      1.989311283654331,
      1.9676006113092206,
      1.954364064258672,
      1.9598749348619073,
      1.9338134067563275
    ],
    "avg_otn_switching": [
      0.274685612481536,
      0.31062367405904556,
      0.3442274953701145,
      0.375936008976679,
      0.40197218383638605,
      0.4272849234462314,
      0.44434077635216124,
      0.46693720950336426,
      0.48261767527308286,
      0.4860917214947774
    ],
    "multi_demand_lightpath_ratio": [
      0.5047784406739949,
      0.5109634192367862,
      0.5210086988621911,
      0.5233791252898968,
      0.520387718261781,
      0.5176062888379579,
      0.5088473135408488,
      0.5184230050348644,
      0.5099504964096664,
      0.49811222450808046
    ],
    "avg_lightpath_usage": [
      0.5117872264666583,
      0.5204626392641492,
      0.5302975516020985,
      0.5364290201348277,
      0.5398643991133555,
      0.5413233661879375,
      0.5419591289441931,
      0.5459505070736466,
      0.5334679314718653,
      0.5292390653782727
    ],
    "spectrum_usage": [
      0.23734505361599392,
      0.2594159098295589,
      0.2784625894675247,
      0.2976570782176395,
      0.3174566959806174,
      0.3315109510521274,
      0.346053211463367,
      0.3587532529509529,
      0.36844554652906214,
      0.37616074145517053
    ]
  },
  "description": "include_OTN_frag=OEFM, sp_algo=LOC-SP-algo, overlap_num=1, topology=USNET",
  "traffic_intensities": [
    300,
    350,
    400,
    450,
    500,
    550,
    600,
    650,
    700,
    750
  ]
}