{
  "MaxMux": {
    "blocking_ratio": [
      0.01365,
      0.02665,
      0.0314,
      0.042,
      0.0535
    ],
    "avg_hops": [
      1.6457139960460283,
      1.628653618944881,
      1.6058744579805906,
      1.6091858037578288,
      1.5940834653988378
    ],
    "avg_otn_switching": [
      0.08800205517032399,
      0.10305324616990585,
      0.10951530293582043,
      0.1256160679848132,
      0.12851509064772051
    ],
    "multi_demand_lightpath_ratio": [
      0.6480628174485353,
      0.6535025335979945,
      0.6529151743860204,
      0.6482739077304078,
      0.6496719320359017
    ],
    "avg_lightpath_usage": [
      0.7008927282561569,
      0.7073870697359542,
      0.7095856316727731,
      0.7146592389420616,
      0.7169270425531272
    ],
    "spectrum_usage": [
      0.36411625798925185,
      0.3971683408550992,
      0.4313126711497944,
      0.45136596369770415,
      0.46692049831466
    ]
  },
  "MaxSE": {
    "blocking_ratio": [
      0.00875,
      0.01625,
      0.02715,
      0.03815,
      0.0499
    ],
    "avg_hops": [
      1.2619924337957125,
      1.269174078780178,
      1.2849360127460554,
      1.2871029786349222,
      1.2975476265656247
    ],
    "avg_otn_switching": [
      0.03595645118608325,
      0.04476808438327554,
      0.05451931515552269,
      0.06295399756790489,
      0.07387883362518487
    ],
    "multi_demand_lightpath_ratio": [
      0.434771285807446,
      0.4547567044937222,
      0.4655020674313274,
      0.48326168683124454,
      0.49134141747787946
    ],
    "avg_lightpath_usage": [
      0.6279901288973123,
      0.6372395656789352,
      0.6483799585107008,
      0.6532769072125493,
      0.6593875091699885
    ],
    "spectrum_usage": [
      0.35913325762681886,
      0.3944479123541717,
      0.42569528940138285,
      0.44856758246062084,
      0.4746809262909173
    ]
  },
  "MinPB": {
    "blocking_ratio": [],
    "avg_hops": [],
    "avg_otn_switching": [],
    "multi_demand_lightpath_ratio": [],
    "avg_lightpath_usage": [],
    "spectrum_usage": []
  }
}