{
  "MinEn": {
    "blocking_ratio": [
      0.02925,
      0.03935,
      0.05135,
      0.0618,
      0.0702
    ],
    "avg_hops": [
      1.0591295390162245,
      1.0938947587570915,
      1.1186949876139778,
      1.1422937539970155,
      1.1637986663798667
    ],
    "avg_otn_switching": [
      0.015193978427890904,
      0.025106712209873934,
      0.0320379308817224,
      0.04195258860673757,
      0.050355975262551284
    ],
    "multi_demand_lightpath_ratio": [
      0.3139473672541372,
      0.35781052986146167,
      0.3804052029660784,
      0.4101650850189602,
      0.4280199249544941
    ],
    "avg_lightpath_usage": [
      0.6292148241013524,
      0.6354264813825221,
      0.6402899221694943,
      0.6476475274659339,
      0.6571010125965467
    ],
    "spectrum_usage": [
      0.3789981990622847,
      0.41461887599744063,
      0.43989462908677296,
      0.4662811356494181,
      0.4827853032394195
    ]
  },
  "MaxMux": {
    "blocking_ratio": [
      0.0109,
      0.016,
      0.0286,
      0.04135,
      0.0445
    ],
    "avg_hops": [
      1.5807299565261348,
      1.5714430894308944,
      1.554663372452131,
      1.5365357534032233,
      1.5475667189952904
    ],
    "avg_otn_switching": [
      0.08159201605564577,
      0.09461980433465504,
      0.09980998824698345,
      0.10757685064243955,
      0.12261318486718381
    ],
    "multi_demand_lightpath_ratio": [
      0.6347794139454697,
      0.6346179082037549,
      0.6324325925022588,
      0.636034325972111,
      0.6320254817227976
    ],
    "avg_lightpath_usage": [
      0.6935967517315729,
      0.6979775078387676,
      0.7030500372989793,
      0.7066363455160554,
      0.7112802112762743
    ],
    "spectrum_usage": [
      0.35863168131360457,
      0.39399607671770387,
      0.41722012953270904,
      0.44180705549309385,
      0.4685129307716686
    ]
  },
  "MaxSE": {
    "blocking_ratio": [
      0.0158,
      0.02595,
      0.0396,
      0.04655,
      0.057
    ],
    "avg_hops": [
      1.1209611867506604,
      1.1482983419742312,
      1.1698771345272803,
      1.18957470239656,
      1.2097030752916225
    ],
    "avg_otn_switching": [
      0.017466568490839236,
      0.02762484837966285,
      0.038342155996155744,
      0.04646651106822179,
      0.055205527616389125
    ],
    "multi_demand_lightpath_ratio": [
      0.3469256933126981,
      0.37101979232868704,
      0.39904741501001995,
      0.41599281995651394,
      0.4436125098177474
    ],
    "avg_lightpath_usage": [
      0.6253824228706408,
      0.6333086321256679,
      0.6438653842051404,
      0.6489107078420316,
      0.6559195550496059
    ],
    "spectrum_usage": [
      0.37317259192998625,
      0.4114915051228753,
      0.4367603380228024,
      0.46298894694774295,
      0.486401584946297
    ]
  },
  "MinPB": {
    "blocking_ratio": [
      0.0013,
      0.00655,
      0.0094,
      0.01845,
      0.0274
    ],
    "avg_hops": [
      1.5346450385501151,
      1.5021390105188988,
      1.5175146375933777,
      1.4908053588711732,
      1.5057063541024058
    ],
    "avg_otn_switching": [
      0.06585823162468511,
      0.07230673960940454,
      0.0843222857050686,
      0.09039704959578924,
      0.10500222448447268
    ],
    "multi_demand_lightpath_ratio": [
      0.579742494448593,
      0.5820685314128283,
      0.591591668230628,
      0.5843814534527394,
      0.5887040474468369
    ],
    "avg_lightpath_usage": [
      0.6682003810762679,
      0.6711696193146385,
      0.6779958537897227,
      0.6810006243322176,
      0.6910255991164642
    ],
    "spectrum_usage": [
      0.31739268914544316,
      0.35808831116458617,
      0.39012773735852785,
      0.4223684061106084,
      0.4453235950629359
    ]
  }
}