{
  "MinPB": {
    "blocking_ratio": [
      0.0004,
      0.0045,
      0.0161,
      0.0396,
      0.0628,
      0.0911,
      0.1229,
      0.1617,
      0.1784,
      0.2115
    ],
    "bitrate_blocking_ratio": [
      0.00045943079457089653,
      0.0062169784116402164,
      0.022179754742156686,
      0.050923504772703944,
      0.08289304548853622,
      0.12040019354744112,
      0.1629708554699146,
      0.2098767845709454,
      0.23464694698461885,
      0.273869629180698
    ],
    "bit_blocking_ratio": [
      0.00018198638028064698,
      0.0072344910501341555,
      0.02026144760339151,
      0.04667853882280606,
      0.08202093643164547,
      0.12103029166250631,
      0.1647609511941157,
      0.2169300926521909,
      0.24865385050702113,
      0.27947581258613674
    ],
    "avg_hops": [
      2.1908763505402162,
      2.146860873932697,
      2.082731984957821,
      2.051957517700958,
      2.002027315407597,
      1.970623831004511,
      1.9378634135218333,
      1.9463199331981391,
      1.9087147030185005,
      1.8918199112238427
    ],
    "avg_otn_switching": [
      0.47738292984763536,
      0.5279932452101062,
      0.5669116562850337,
      0.5942412087063398,
      0.6131538834561404,
      0.6200262631772195,
      0.6170265446597784,
      0.6106470857789165,
      0.607574485073911,
      0.6009808447064593
    ],
    "multi_demand_lightpath_ratio": [
      0.5716054990310027,
      0.5538306888729351,
      0.5478426117809977,
      0.5314541842976652,
      0.5109476283751423,
      0.500793877898506,
      0.4931120667866005,
      0.48119791545694196,
      0.4744956857017286,
      0.46723043939124587
    ],
    "avg_lightpath_usage": [
      0.6843506735695232,
      0.6775157859626884,
      0.6701830733528499,
      0.6604087710265002,
      0.6468403814907377,
      0.6369257013034897,
      0.6226373970880125,
      0.6134946364376473,
      0.6172042308240161,
      0.6005915887404594
    ],
    "spectrum_usage": [
      0.27032486085904783,
      0.3014994133049766,
      0.3301744685551925,
      0.35363852490413544,
      0.37652544386483017,
      0.3887729600604155,
      0.3960197366581956,
      0.39273352608739487,
      0.3994139998753436,
      0.40231852896149556
    ]
  },
  "OneFrag": {
    "blocking_ratio": [
      0.0,
      0.0001,
      0.002,
      0.0128,
      0.0411,
      0.0693,
      0.1064,
      0.134,
      0.1664,
      0.194
    ],
    "bitrate_blocking_ratio": [
      0.0,
      0.00017106465755299338,
      0.002512206685206817,
      0.018558071563677597,
      0.05585505447187453,
      0.0914267281196084,
      0.1394372461522671,
      0.1783177990332403,
      0.22028240331181176,
      0.25604957942532053
    ],
    "bit_blocking_ratio": [
      0.0,
      4.054669552051734e-05,
      0.002343817232114593,
      0.01815798088064842,
      0.05300965972950417,
      0.09112744654117602,
      0.13792311142837632,
      0.1835001381498952,
      0.2258703214028996,
      0.2650054673351634
    ],
    "avg_hops": [
      1.7735,
      1.7722772277227723,
      1.736573146292585,
      1.7539505672609401,
      1.7556575242465324,
      1.7453529601375308,
      1.7470904207699194,
      1.7610854503464204,
      1.7625959692898272,
      1.7531017369727047
    ],
    "avg_otn_switching": [
      0.4225244456617391,
      0.4751353495304818,
      0.516714319101044,
      0.5591853681308483,
      0.581067670499149,
      0.5944893560255825,
      0.5993816965183226,
      0.6016693633415536,
      0.5967752873718676,
      0.588249882030872
    ],
    "multi_demand_lightpath_ratio": [
      0.4728601343342291,
      0.4744258376378365,
      0.46593025141778094,
      0.4638208887943875,
      0.4606216546776891,
      0.4482393863847904,
      0.4529058435712864,
      0.44878915541841624,
      0.45076502424500897,
      0.43897623157876886
    ],
    "avg_lightpath_usage": [
      0.6563398878176394,
      0.656702933151043,
      0.6414963503129858,
      0.6478698474682557,
      0.6379236009415428,
      0.6429105643620593,
      0.6053734565721176,
      0.6096739642627911,
      0.6109317173559201,
      0.5715985331908453
    ],
    "spectrum_usage": [
      0.3098985656529678,
      0.34345059426183067,
      0.37938799817887076,
      0.4018375100850392,
      0.4247901585295784,
      0.43892514678693445,
      0.44379622627424303,
      0.4421840712413001,
      0.4387804845070926,
      0.43948888036533634
    ]
  },
  "description": "include_OTN_frag=None, sp_algo=base, overlap_num=3, topology=nsfnet, sorted",
  "traffic_intensities": [
    300,
    350,
    400,
    450,
    500,
    550,
    600,
    650,
    700,
    750
  ]
}