{
  "blocking_ratio": [
    0.0253,
    0.0297,
    0.0385,
    0.0371,
    0.0436,
    0.0434,
    0.0511,
    0.0602,
    0.0625,
    0.0671,
    0.0592
  ],
  "spectrum_usage": [
    0.0,
    0.0,
    0.0,
    0.0,
    0.0,
    0.0,
    0.0,
    0.0,
    0.0,
    0.0,
    0.0
  ],
  "avg_hops": [
    1.5793577511029036,
    1.5777594558384005,
    1.5709828393135725,
    1.5807456641395783,
    1.5530112923462986,
    1.5422329082166004,
    1.5436821582885447,
    1.5333049585018088,
    1.5501866666666666,
    1.5480758923786044,
    1.558248299319728
  ],
  "avg_otn_switching": [
    0.0,
    0.0,
    0.0,
    0.0,
    0.0,
    0.0,
    0.0,
    0.0,
    0.0,
    0.0,
    0.0
  ],
  "multi_demand_lightpath_ratio": [
    0,
    0,
    0,
    0,
    0,
    0,
    0,
    0,
    0,
    0,
    0
  ],
  "avg_lightpath_usage": [
    0,
    0,
    0,
    0,
    0,
    0,
    0,
    0,
    0,
    0,
    0
  ]
}