{
  "blocking_ratio": [
    0.0322,
    0.0326,
    0.0317,
    0.0361,
    0.0481,
    0.0465,
    0.0497,
    0.061,
    0.0658,
    0.0628,
    0.064
  ],
  "spectrum_usage": [
    0.0,
    0.0,
    0.0,
    0.0,
    0.0,
    0.0,
    0.0,
    0.0,
    0.0,
    0.0,
    0.0
  ],
  "avg_hops": [
    1.602603843769374,
    1.580525118875336,
    1.600640297428483,
    1.5694574125946674,
    1.5657106838953672,
    1.5588883062401677,
    1.563295801325897,
    1.5668796592119276,
    1.5548062513380432,
    1.5544174135723432,
    1.542948717948718
  ],
  "avg_otn_switching": [
    0.0,
    0.0,
    0.0,
    0.0,
    0.0,
    0.0,
    0.0,
    0.0,
    0.0,
    0.0,
    0.0
  ],
  "multi_demand_lightpath_ratio": [
    0,
    0,
    0,
    0,
    0,
    0,
    0,
    0,
    0,
    0,
    0
  ],
  "avg_lightpath_usage": [
    0,
    0,
    0,
    0,
    0,
    0,
    0,
    0,
    0,
    0,
    0
  ]
}