{
  "blocking_ratio": [
    0.0479,
    0.0531,
    0.0581,
    0.0572,
    0.0661,
    0.0793,
    0.0794,
    0.0875,
    0.0932,
    0.0915,
    0.0942
  ],
  "spectrum_usage": [
    0.0,
    0.0,
    0.0,
    0.0,
    0.0,
    0.0,
    0.0,
    0.0,
    0.0,
    0.0,
    0.0
  ],
  "avg_hops": [
    1.02289675454259,
    1.030520646319569,
    1.0338677141947128,
    1.0413661434026305,
    1.0456151622229362,
    1.062778320842837,
    1.0571366500108625,
    1.068931506849315,
    1.0831495368328188,
    1.0873968079251513,
    1.100684477809671
  ],
  "avg_otn_switching": [
    0.0,
    0.0,
    0.0,
    0.0,
    0.0,
    0.0,
    0.0,
    0.0,
    0.0,
    0.0,
    0.0
  ],
  "multi_demand_lightpath_ratio": [
    0,
    0,
    0,
    0,
    0,
    0,
    0,
    0,
    0,
    0,
    0
  ],
  "avg_lightpath_usage": [
    0,
    0,
    0,
    0,
    0,
    0,
    0,
    0,
    0,
    0,
    0
  ]
}