{
  "blocking_ratio": [
    0.0131,
    0.0226,
    0.0354,
    0.0344,
    0.0357,
    0.0432,
    0.0493,
    0.0591,
    0.0571,
    0.0654,
    0.0739
  ],
  "spectrum_usage": [
    0.0,
    0.0,
    0.0,
    0.0,
    0.0,
    0.0,
    0.0,
    0.0,
    0.0,
    0.0,
    0.0
  ],
  "avg_hops": [
    1.5150471172357889,
    1.5072641702475957,
    1.5280945469624716,
    1.5188483844241922,
    1.5073110027999586,
    1.513064381270903,
    1.4916377406121806,
    1.4818790519715166,
    1.4857354968713543,
    1.4992510164776376,
    1.4874203649713853
  ],
  "avg_otn_switching": [
    0.0,
    0.0,
    0.0,
    0.0,
    0.0,
    0.0,
    0.0,
    0.0,
    0.0,
    0.0,
    0.0
  ],
  "multi_demand_lightpath_ratio": [
    0,
    0,
    0,
    0,
    0,
    0,
    0,
    0,
    0,
    0,
    0
  ],
  "avg_lightpath_usage": [
    0,
    0,
    0,
    0,
    0,
    0,
    0,
    0,
    0,
    0,
    0
  ]
}