{
  "MinEn": {
    "blocking_ratio": [
      0.0001,
      0.0006,
      0.0012,
      0.0046,
      0.0176,
      0.0431,
      0.0778,
      0.1029,
      0.139,
      0.1685
    ],
    "bitrate_blocking_ratio": [
      0.00017106465755299338,
      0.0010508257535398165,
      0.0020869888221465194,
      0.00772723495975093,
      0.026270643838495412,
      0.06261455222603995,
      0.11093298664229402,
      0.1463042702626087,
      0.19572729361049065,
      0.23553648320389442
    ],
    "bit_blocking_ratio": [
      2.2345538737200457e-05,
      0.001506440874608134,
      0.0036448420195287694,
      0.00799841295482475,
      0.025074810991571623,
      0.06570229538341006,
      0.10717515933681365,
      0.1526581375062234,
      0.19914697098827364,
      0.23778446464014097
    ],
    "avg_hops": [
      1.1738173817381738,
      1.2331398839303582,
      1.3047657188626351,
      1.3563391601366286,
      1.428847719869707,
      1.4696415508412581,
      1.5143135979180222,
      1.5163303979489466,
      1.5363530778164924,
      1.5440769693325316
    ],
    "avg_otn_switching": [
      0.3286750688310975,
      0.3808210326352927,
      0.43421904000320466,
      0.481934008314647,
      0.5294763350839893,
      0.5533528741422203,
      0.5687536870817843,
      0.5675220699305867,
      0.5695178073160856,
      0.565917324266922
    ],
    "multi_demand_lightpath_ratio": [
      0.35033825287526926,
      0.3729960565812716,
      0.4104205798116463,
      0.4187088942483536,
      0.4421754812488172,
      0.4341503173306869,
      0.44303143342946183,
      0.449073251398723,
      0.4497203197560887,
      0.4605590466101219
    ],
    "avg_lightpath_usage": [
      0.5561563544113735,
      0.5699190337652922,
      0.5853630544345403,
      0.5861640802950067,
      0.5961187513817876,
      0.5900343871912239,
      0.5870037296000944,
      0.5862977787972633,
      0.576805966965266,
      0.5735219545423625
    ],
    "spectrum_usage": [
      0.435154191947385,
      0.4628393983699833,
      0.48715858235237863,
      0.5090072167308235,
      0.5221073896915028,
      0.528484964250043,
      0.526402467026007,
      0.5228596199058185,
      0.5207638927425029,
      0.515706801975287
    ]
  },
  "MinPB": {
    "blocking_ratio": [
      0.0003,
      0.0029,
      0.0124,
      0.0353,
      0.0607,
      0.0895,
      0.1196,
      0.1494,
      0.1823,
      0.2149
    ],
    "bitrate_blocking_ratio": [
      0.0004838686027927527,
      0.0037292095346552557,
      0.016583496659351615,
      0.045679151128293606,
      0.08183733217335204,
      0.11840606839653765,
      0.15583501546913262,
      0.19783383267921467,
      0.23702718950542764,
      0.27826354709898776
    ],
    "bit_blocking_ratio": [
      0.0008838676279950559,
      0.00449098657242031,
      0.016359580920902003,
      0.03905642302299433,
      0.08030670501736947,
      0.11088706339438652,
      0.16056229167011965,
      0.20090428738755126,
      0.23846152170415305,
      0.28016882223374373
    ],
    "avg_hops": [
      2.2040612183655095,
      2.1541470263764917,
      2.095787768327258,
      2.0409453716181196,
      2.000638773554775,
      1.942449203734212,
      1.939913675601999,
      1.906418998354103,
      1.885043414455179,
      1.8802700292956311
    ],
    "avg_otn_switching": [
      0.4780512495223925,
      0.5301869511427262,
      0.5708386618266595,
      0.5987105802337103,
      0.6120201869135895,
      0.621223614501498,
      0.6203560396554938,
      0.6168843854129634,
      0.6102628458179639,
      0.6018269494157075
    ],
    "multi_demand_lightpath_ratio": [
      0.5943089743427794,
      0.5807106201658835,
      0.5703352609813888,
      0.559521447614339,
      0.5316087866503397,
      0.5085508734008074,
      0.5038479473350034,
      0.5020014376791618,
      0.4957095121469903,
      0.49771312382174393
    ],
    "avg_lightpath_usage": [
      0.6581682624963034,
      0.652152736597106,
      0.6460277023047791,
      0.6391843408272423,
      0.6231947333838276,
      0.6080002423449252,
      0.6039170515172853,
      0.5960838975212478,
      0.5867590037787918,
      0.5663733218133502
    ],
    "spectrum_usage": [
      0.27733189455090634,
      0.30960268154631826,
      0.338077895941002,
      0.36428501594339086,
      0.3808881340332947,
      0.4056325263887044,
      0.4051289416850331,
      0.4131223295935262,
      0.41239690328071926,
      0.412774238369609
    ]
  },
  "OneFrag": {
    "blocking_ratio": [
      0.0,
      0.0,
      0.0027,
      0.013,
      0.0357,
      0.0681,
      0.0958,
      0.1276,
      0.1641,
      0.1869
    ],
    "bitrate_blocking_ratio": [
      0.0,
      0.0,
      0.0039882503018069315,
      0.01739483189231724,
      0.04833798466283156,
      0.0899164715714977,
      0.1269641888358317,
      0.16855245086778656,
      0.21716902654434728,
      0.2502187183835856
    ],
    "bit_blocking_ratio": [
      0.0,
      0.0,
      0.003107903171133859,
      0.016285268260406997,
      0.04374432645376194,
      0.08963879655187633,
      0.1279511551138986,
      0.17432771295424668,
      0.21641750174621824,
      0.25436324446790864
    ],
    "avg_hops": [
      1.7132,
      1.7027,
      1.7049032387446104,
      1.7141843971631205,
      1.7049673338172768,
      1.7079085738813178,
      1.718867507188675,
      1.728106373223292,
      1.717908840770427,
      1.7108596728569672
    ],
    "avg_otn_switching": [
      0.41556176281883395,
      0.4664481198253344,
      0.5142162723077405,
      0.5560701917214933,
      0.5815741070923447,
      0.5921680001418094,
      0.6014834816954346,
      0.5997728762525849,
      0.5960978800847849,
      0.5897658007755171
    ],
    "multi_demand_lightpath_ratio": [
      0.48945655173041563,
      0.4720302649555357,
      0.4811293476472935,
      0.4852194894057962,
      0.47685158305948033,
      0.47759373414851886,
      0.4717550071584864,
      0.46500827509531717,
      0.4569663542510615,
      0.46830003977549933
    ],
    "avg_lightpath_usage": [
      0.6134242581564407,
      0.6015345998237244,
      0.610388579767022,
      0.6121128931285303,
      0.604824179495999,
      0.5973942571912927,
      0.5881694095865285,
      0.5788076934352603,
      0.556215384400914,
      0.5724112485743766
    ],
    "spectrum_usage": [
      0.3318658571120099,
      0.3699978850624187,
      0.3979409777411367,
      0.4256284022238188,
      0.4478434213981289,
      0.4569452093008636,
      0.46590370615061133,
      0.4622592973057346,
      0.4647698462165496,
      0.4593610519193584
    ]
  },
  "description": "include_OTN_frag=OEFM, sp_algo=LOC-SP-algo, overlap_num=1",
  "traffic_intensities": [
    300,
    350,
    400,
    450,
    500,
    550,
    600,
    650,
    700,
    750
  ]
}