{
  "MinEn": {
    "blocking_ratio": [
      0.0237,
      0.0344,
      0.0419,
      0.0516,
      0.0615
    ],
    "avg_hops": [
      1.162450066577896,
      1.1961474730737365,
      1.2511220123160423,
      1.2938633487979756,
      1.3387320191795418
    ],
    "avg_otn_switching": [
      0.31292265153332854,
      0.34865408675207155,
      0.3920483373514098,
      0.42669541354332624,
      0.4619835230408006
    ],
    "multi_demand_lightpath_ratio": [
      0.37077505386756027,
      0.39382268814533417,
      0.41296899752622723,
      0.4448499938701174,
      0.4511387600616247
    ],
    "avg_lightpath_usage": [
      0.5567375863121736,
      0.564874547017508,
      0.5719967821361713,
      0.5795183179202463,
      0.57829003625654
    ],
    "spectrum_usage": [
      0.42097772822686513,
      0.4420669298122576,
      0.45847256049430446,
      0.475156795638353,
      0.49040511206969956
    ]
  },
  "MinPB": {
    "blocking_ratio": [
      0.0045,
      0.0106,
      0.0177,
      0.0284,
      0.0474
    ],
    "avg_hops": [
      1.5627322953289804,
      1.5870224378411157,
      1.5829176422681461,
      1.593248250308769,
      1.5969976905311778
    ],
    "avg_otn_switching": [
      0.3785987095563732,
      0.4268002535838486,
      0.4666022896272562,
      0.5032760541906955,
      0.5295536681319379
    ],
    "multi_demand_lightpath_ratio": [
      0.5418019270623088,
      0.5361747303490791,
      0.5294500966290571,
      0.5363398835383075,
      0.5359066347236159
    ],
    "avg_lightpath_usage": [
      0.6296834039274978,
      0.6242186337848963,
      0.6242768084207965,
      0.6172867637903149,
      0.6149389277704856
    ],
    "spectrum_usage": [
      0.34240699619753895,
      0.37559218075434225,
      0.3992874138214137,
      0.419740131607565,
      0.4358673470660081
    ]
  },
  "description": "include_OTN_frag=OEFM, no beam search"
}