{
  "MinEn": {
    "blocking_ratio": [
      0.0373,
      0.0509,
      0.0547,
      0.06625
    ],
    "avg_hops": [
      1.1338942557390672,
      1.1761668949531134,
      1.230350153390458,
      1.2881392235609104
    ],
    "avg_otn_switching": [
      0.33234937497054073,
      0.3818093129225966,
      0.43687424007003683,
      0.491221437370942
    ],
    "multi_demand_lightpath_ratio": [
      0.3193750961062263,
      0.35894774801423307,
      0.4020215570499415,
      0.4447437251226278
    ],
    "avg_lightpath_usage": [
      0.6507498614079141,
      0.6645136089924981,
      0.6667238504112514,
      0.6802816342259741
    ],
    "spectrum_usage": [
      0.414034450798255,
      0.4463094185976957,
      0.4816927879878229,
      0.5117999887923294
    ]
  },
  "MinPB": {
    "blocking_ratio": [],
    "avg_hops": [],
    "avg_otn_switching": [],
    "multi_demand_lightpath_ratio": [],
    "avg_lightpath_usage": [],
    "spectrum_usage": []
  }
}