{
  "MinEn": {
    "blocking_ratio": [
      0.0006,
      0.0044,
      0.0065,
      0.0107,
      0.0193,
      0.0379,
      0.0671,
      0.0993,
      0.1313,
      0.1657
    ],
    "bitrate_blocking_ratio": [
      0.0010134414337529337,
      0.007501406210601858,
      0.01088116065713676,
      0.018285586826231163,
      0.03215373276179762,
      0.057877688771650795,
      0.09617510716294586,
      0.13827899218340867,
      0.1806059312993386,
      0.22264677929282153
    ],
    "bit_blocking_ratio": [
      0.0006604104920561638,
      0.006151757553091508,
      0.01099534058690395,
      0.01863134148021413,
      0.03105404787315931,
      0.05758516352343103,
      0.09002056632701691,
      0.1374908266357084,
      0.17512782065842278,
      0.21874135424143393
    ],
    "avg_hops": [
      1.002601560936562,
      1.0111490558457212,
      1.0224458983392049,
      1.0402304659860508,
      1.052003670847354,
      1.0630911547656168,
      1.0790009647336263,
      1.0867103364050184,
      1.084378957062277,
      1.092892244995805
    ],
    "avg_otn_switching": [
      0.3869590010678459,
      0.4379065446587271,
      0.4879396656005553,
      0.5341899090238912,
      0.5761399994198808,
      0.6026589690806452,
      0.62425930046509,
      0.6277466329993217,
      0.6294455639861873,
      0.6266819474416165
    ],
    "multi_demand_lightpath_ratio": [
      0.30944392143318805,
      0.32298875275066163,
      0.3387052371930088,
      0.35890846496567513,
      0.3558202281934437,
      0.36911242423854806,
      0.37664894265735444,
      0.37881051454613546,
      0.38722536309512484,
      0.3699996319679732
    ],
    "avg_lightpath_usage": [
      0.6354632184835318,
      0.6370406749270161,
      0.6365350295147991,
      0.6229694463054767,
      0.6248473211718358,
      0.6314512557975416,
      0.6257263426176118,
      0.6222768320862366,
      0.5964940057573802,
      0.5910307802579633
    ],
    "spectrum_usage": [
      0.2559199270257648,
      0.2822102167956538,
      0.3057734952021912,
      0.32237544656070805,
      0.3369268618978126,
      0.3475126464860369,
      0.35367265712639406,
      0.3520962033826984,
      0.35206197972009834,
      0.35091270810243935
    ]
  },
  "MinPB": {
    "blocking_ratio": [
      0.0,
      0.0,
      0.0028,
      0.0135,
      0.0429,
      0.0681,
      0.1101,
      0.1361,
      0.1768,
      0.2054
    ],
    "bitrate_blocking_ratio": [
      0.0,
      0.0,
      0.00308881432201253,
      0.01816436177434684,
      0.056025369978858354,
      0.09056481176173943,
      0.14359349845801733,
      0.18011618208972593,
      0.22816979265667126,
      0.26465853327385225
    ],
    "bit_blocking_ratio": [
      0.0,
      0.0,
      0.001999465749189944,
      0.015871212882799374,
      0.054666810394169506,
      0.09013344465414753,
      0.13940095542148856,
      0.1786704672534628,
      0.2219041816689303,
      0.26046254829369275
    ],
    "avg_hops": [
      1.3542,
      1.3309,
      1.3254111512234257,
      1.314951849974658,
      1.3182530561069898,
      1.299281038738062,
      1.2990223620631531,
      1.279546243778215,
      1.2755102040816326,
      1.2738484772212435
    ],
    "avg_otn_switching": [
      0.4537927297206585,
      0.5092976571870351,
      0.5650244348206555,
      0.6069294492614181,
      0.6335947114257204,
      0.6447425202976496,
      0.6515258302324145,
      0.6511632049517777,
      0.6451199353421766,
      0.641548269038482
    ],
    "multi_demand_lightpath_ratio": [
      0.4972913795747236,
      0.48836922939248895,
      0.48649557616851646,
      0.4806797826150189,
      0.492798233194798,
      0.4749416969277251,
      0.47106120176576527,
      0.4643884290678969,
      0.4586453265443259,
      0.4546074619458867
    ],
    "avg_lightpath_usage": [
      0.6614696341796368,
      0.6597848882733924,
      0.6574056929669906,
      0.6513865881357236,
      0.6518243215733462,
      0.6374403106596835,
      0.6309218990192474,
      0.6198993988846007,
      0.5897405797816967,
      0.6016792830643253
    ],
    "spectrum_usage": [
      0.21494605338330364,
      0.2417934512923373,
      0.2650797107396118,
      0.28551063581986,
      0.2937036641834766,
      0.3076946037358211,
      0.30930560523790873,
      0.31411943831841854,
      0.31300441575835225,
      0.3116988806316129
    ]
  },
  "OneFrag": {
    "blocking_ratio": [
      0.0,
      0.0,
      0.0013,
      0.0083,
      0.035,
      0.0611,
      0.0974,
      0.1289,
      0.1667,
      0.1977
    ],
    "bitrate_blocking_ratio": [
      0.0,
      0.0,
      0.0016729057160036465,
      0.010716294586574084,
      0.04704986713734313,
      0.08034796438892876,
      0.1278245437089047,
      0.17098551118179878,
      0.21872393661384487,
      0.25518843222064896
    ],
    "bit_blocking_ratio": [
      0.0,
      0.0,
      0.00109710230711651,
      0.010801250172543415,
      0.04524007012623865,
      0.08254517211171174,
      0.12492404336429477,
      0.17323088005833154,
      0.20772717776225852,
      0.2495322299250491
    ],
    "avg_hops": [
      1.2856,
      1.2789,
      1.271052368078502,
      1.2644953110819805,
      1.2652849740932643,
      1.2625412717009266,
      1.2530467538222911,
      1.2558833658592583,
      1.2400096003840153,
      1.2347002368191449
    ],
    "avg_otn_switching": [
      0.44015992743236043,
      0.49761346250605615,
      0.5506481186029996,
      0.5955626528772068,
      0.6238638797114426,
      0.6399851483268595,
      0.6457064753902065,
      0.6463866905126378,
      0.6444438950650296,
      0.6377561064385642
    ],
    "multi_demand_lightpath_ratio": [
      0.4604817473579622,
      0.45136750869601017,
      0.4472689126485302,
      0.45406635562946895,
      0.4473485532395674,
      0.4495198648172433,
      0.435894845335412,
      0.4455971018116508,
      0.4353931378360652,
      0.4352750258390853
    ],
    "avg_lightpath_usage": [
      0.657593581415182,
      0.6494426343014881,
      0.6448359073177139,
      0.6463479910479152,
      0.638958031386468,
      0.6314395153726937,
      0.6211739345519833,
      0.6058850526531725,
      0.6162247236678058,
      0.6007225200791635
    ],
    "spectrum_usage": [
      0.22168613319895436,
      0.24975976480577136,
      0.27407450878297135,
      0.2934332414164174,
      0.3061434082731574,
      0.3149336348181533,
      0.3214432969743085,
      0.32043474484175816,
      0.3246259881140478,
      0.32020715828408
    ]
  },
  "description": "include_OTN_frag=None, sp_algo=base, overlap_num=0, topology=cost_239",
  "traffic_intensities": [
    300,
    350,
    400,
    450,
    500,
    550,
    600,
    650,
    700,
    750
  ]
}