{
  "MinPB": {
    "blocking_ratio": [
      0.0004,
      0.0101,
      0.0331,
      0.0633,
      0.098,
      0.1236,
      0.1591,
      0.1897,
      0.219,
      0.2416
    ],
    "bitrate_blocking_ratio": [
      0.0005382392303663906,
      0.013048664584828442,
      0.04252574820102023,
      0.08317493259887115,
      0.12693717632911147,
      0.16147176910991717,
      0.20704753961634695,
      0.24653296351610837,
      0.2841418236127005,
      0.30826075993560526
    ],
    "bit_blocking_ratio": [
      0.00018739223466247753,
      0.011324990176783524,
      0.0380806723470707,
      0.07830415202470659,
      0.12304941596272649,
      0.16070186528031505,
      0.1992345301693082,
      0.24263780966002846,
      0.28183870887616636,
      0.31055552645702716
    ],
    "avg_hops": [
      1.677170868347339,
      1.6529952520456612,
      1.6208501396214707,
      1.597416462047614,
      1.56019955654102,
      1.5223642172523961,
      1.4969675347841598,
      1.4800691102060965,
      1.4605633802816902,
      1.4396097046413503
    ],
    "avg_otn_switching": [
      0.5163214035646116,
      0.5748126971830836,
      0.6148670089694774,
      0.641563574215116,
      0.6535311003748464,
      0.6599970764471659,
      0.6628043657529379,
      0.6582155732290407,
      0.6532423283041703,
      0.6466031900890156
    ],
    "multi_demand_lightpath_ratio": [
      0.57834571660648,
      0.565348145098907,
      0.5612140619450723,
      0.554095925611848,
      0.5384700662452773,
      0.5314625101770319,
      0.5149409037830919,
      0.5203982506611502,
      0.5073554864704178,
      0.49924193478214257
    ],
    "avg_lightpath_usage": [
      0.6580151489034421,
      0.6539181541690834,
      0.6521591740211565,
      0.6431514454713206,
      0.6313967082829586,
      0.6298278120987048,
      0.6130119710892786,
      0.600003621544709,
      0.605991556653735,
      0.5859128844328904
    ],
    "spectrum_usage": [
      0.1884837266592464,
      0.21077983626500024,
      0.22733794233320634,
      0.2399132185460195,
      0.2527610438243387,
      0.2620108575871456,
      0.271727840897187,
      0.27067955665554677,
      0.2741717032625402,
      0.27734837785293043
    ]
  },
  "OneFrag": {
    "blocking_ratio": [
      0.0001,
      0.0021,
      0.0158,
      0.0346,
      0.0675,
      0.0958,
      0.1332,
      0.1697,
      0.1936,
      0.2246
    ],
    "bitrate_blocking_ratio": [
      0.00017941307678879688,
      0.002516632077118529,
      0.021059216013344453,
      0.04479508117229474,
      0.08898403708516787,
      0.12585099986422793,
      0.1705733460053921,
      0.21965979401439184,
      0.25251663207711855,
      0.2839090715130826
    ],
    "bit_blocking_ratio": [
      9.704355302549997e-05,
      0.0025399311144203656,
      0.01756464238801653,
      0.04313522861689908,
      0.08532513866467825,
      0.12573799000861127,
      0.168064045680135,
      0.2139310444487908,
      0.24943365283503843,
      0.28523455258555885
    ],
    "avg_hops": [
      1.4238423842384238,
      1.3999398737348432,
      1.4160739687055477,
      1.3898902009529728,
      1.375656836461126,
      1.3767971687679716,
      1.3664051684356253,
      1.3657714079248464,
      1.3391617063492063,
      1.3273149342274955
    ],
    "avg_otn_switching": [
      0.47802281751028786,
      0.5360002083047516,
      0.5896581996746871,
      0.6207452251065173,
      0.6409974681686641,
      0.6534063959496638,
      0.6575681330336335,
      0.6577379518968659,
      0.6509726124251886,
      0.6425864566804925
    ],
    "multi_demand_lightpath_ratio": [
      0.47182131785381853,
      0.47655915845041547,
      0.47701236511468414,
      0.4673643591524714,
      0.46484127956417914,
      0.46855630506433804,
      0.46291443439442076,
      0.46314117742466715,
      0.46117627476177375,
      0.44896071366225376
    ],
    "avg_lightpath_usage": [
      0.6148939334290364,
      0.6181629912769442,
      0.6160216351300699,
      0.6097086663443045,
      0.6080198274247642,
      0.6032592842064156,
      0.5924603631788175,
      0.5880481568931057,
      0.5835192123667219,
      0.5742563121445428
    ],
    "spectrum_usage": [
      0.2159154522799175,
      0.23886415529570543,
      0.25854231826148943,
      0.2797079870320531,
      0.28563586695435667,
      0.29584028854748357,
      0.29988369981038,
      0.3018499828383703,
      0.305984817004077,
      0.30353589635465034
    ]
  },
  "description": "include_OTN_frag=EONz, sp_algo=LOC-SP-algo, overlap_num=3, topology=cost_239, sorted",
  "traffic_intensities": [
    300,
    350,
    400,
    450,
    500,
    550,
    600,
    650,
    700,
    750
  ]
}