{
  "MinEn": {
    "blocking_ratio": [
      0.00016666666666666666,
      0.0003,
      0.0012333333333333332,
      0.005933333333333333,
      0.021466666666666665
    ],
    "avg_hops": [
      1.1706617769628271,
      1.2341035644026541,
      1.3124186496679238,
      1.394473878344846,
      1.4675705136939639
    ],
    "avg_otn_switching": [
      0.37912552349482537,
      0.4527389531701492,
      0.5326999448082835,
      0.6143247683800742,
      0.6828569420868651
    ],
    "multi_demand_lightpath_ratio": [
      0.32261532392651004,
      0.3704177769911772,
      0.4096642773625059,
      0.4493585107883158,
      0.48507773815687194
    ],
    "avg_lightpath_usage": [
      0.6706240745086802,
      0.6825790838511356,
      0.698718983504364,
      0.7082486844896296,
      0.7214556484278755
    ],
    "spectrum_usage": [
      0.4509609725603973,
      0.4998568074447191,
      0.5449313362724815,
      0.5887403167089127,
      0.6115120516390832
    ]
  },
  "MinPB": {
    "blocking_ratio": [
      0.0004333333333333333,
      0.0029666666666666665,
      0.0113,
      0.0301,
      0.0551
    ],
    "avg_hops": [
      2.1668389635508722,
      2.132660225335161,
      2.0877920501668856,
      2.0300374609066227,
      1.9662398137369035
    ],
    "avg_otn_switching": [
      0.5413681137300224,
      0.6202249670940574,
      0.6879702977532244,
      0.7375132457802593,
      0.7762404309192052
    ],
    "multi_demand_lightpath_ratio": [
      0.6507840259312451,
      0.6526025434933669,
      0.6528909527345818,
      0.6454057559798693,
      0.6379469155307834
    ],
    "avg_lightpath_usage": [
      0.743511409542868,
      0.7507896822307617,
      0.7516970862022184,
      0.752880933889305,
      0.7516996214113782
    ],
    "spectrum_usage": [
      0.3056686276400251,
      0.3501614351060019,
      0.3934816392434124,
      0.4322580918355089,
      0.47024364693025
    ]
  },
  "OneFrag": {
    "blocking_ratio": [
      0.0,
      0.0,
      0.0013666666666666666,
      0.009033333333333334,
      0.0299
    ],
    "avg_hops": [
      1.7490666666666668,
      1.7354,
      1.708334724122968,
      1.6963907295906353,
      1.7114730440160808
    ],
    "avg_otn_switching": [
      0.47872500480062374,
      0.551403116940566,
      0.6195006563989198,
      0.6831611426477506,
      0.7364330246257995
    ],
    "multi_demand_lightpath_ratio": [
      0.5346986683287052,
      0.5466486317852733,
      0.558862297508078,
      0.5610364547663749,
      0.5748539999665433
    ],
    "avg_lightpath_usage": [
      0.7066780707176278,
      0.7147154545262855,
      0.719354416219195,
      0.7265304139379469,
      0.7319554097706339
    ],
    "spectrum_usage": [
      0.35267220401592086,
      0.40284979816380045,
      0.45450471196429115,
      0.5015263201384249,
      0.5362184043186867
    ]
  },
  "description": "include_OTN_frag=None, sp_algo=LOC-SP-algo, overlap_num=0"
}