{
  "MinEn": {
    "blocking_ratio": [
      0.0438,
      0.0508,
      0.0566,
      0.0699,
      0.0858
    ],
    "avg_hops": [
      1.129784563898766,
      1.18921196797303,
      1.2355310578757686,
      1.2788947425008064,
      1.3214832640560052
    ],
    "avg_otn_switching": [
      0.2975679787998945,
      0.3424477996853839,
      0.3838320002159969,
      0.41543838814131717,
      0.4408604774376034
    ],
    "multi_demand_lightpath_ratio": [
      0.2910366788413752,
      0.3401072782333401,
      0.35262031448660175,
      0.38358249739839106,
      0.38683468437411406
    ],
    "avg_lightpath_usage": [
      0.625452495320596,
      0.6293541703680943,
      0.6307674051895882,
      0.6194557646987643,
      0.6205529067206685
    ],
    "spectrum_usage": [
      0.37437656336922376,
      0.40339226693782804,
      0.42912149624461093,
      0.4422453323815965,
      0.44678937432468374
    ]
  },
  "MinPB": {
    "blocking_ratio": [
      0.006,
      0.0133,
      0.0229,
      0.0373,
      0.0565
    ],
    "avg_hops": [
      1.5796780684104628,
      1.5758589236850107,
      1.5816190768600962,
      1.581697309649943,
      1.609009009009009
    ],
    "avg_otn_switching": [
      0.3794052871533637,
      0.4222082347944896,
      0.4602356209171021,
      0.49051632271702494,
      0.5194979747733969
    ],
    "multi_demand_lightpath_ratio": [
      0.5060966675201013,
      0.5093963487772974,
      0.5235723465623126,
      0.5184934489453673,
      0.5077644448683729
    ],
    "avg_lightpath_usage": [
      0.6605196299461241,
      0.6529952555760834,
      0.6520478999887254,
      0.6493976980334341,
      0.6368065821043533
    ],
    "spectrum_usage": [
      0.3321295263178327,
      0.36195045878928006,
      0.3837067168414569,
      0.40405515849036416,
      0.4179496038630822
    ]
  },
  "description": "include_OTN_frag=None, no beam search"
}