{
  "MinEn": {
    "blocking_ratio": [
      0.00023333333333333333,
      0.0002666666666666667,
      0.0008,
      0.0038,
      0.0147
    ],
    "avg_hops": [
      1.17554095955723,
      1.232195252067218,
      1.291766746730718,
      1.3614066787124406,
      1.4170641767312833
    ],
    "avg_otn_switching": [
      0.37513316327408674,
      0.44776467756935834,
      0.5230728034267098,
      0.6014814882315532,
      0.6706290813063028
    ],
    "multi_demand_lightpath_ratio": [
      0.40382225735806704,
      0.4412622235790237,
      0.4791149836487137,
      0.5077586740777555,
      0.5383283856848431
    ],
    "avg_lightpath_usage": [
      0.6003107270684249,
      0.6248053472613315,
      0.6436744991818153,
      0.6648803776772199,
      0.6804022717956514
    ],
    "spectrum_usage": [
      0.4879318150585905,
      0.5363045730371447,
      0.5832214304004124,
      0.6187147398074263,
      0.6515733495715034
    ]
  },
  "MinPB": {
    "blocking_ratio": [
      0.00046666666666666666,
      0.0031,
      0.012066666666666667,
      0.029166666666666667,
      0.05333333333333334
    ],
    "avg_hops": [
      2.1692456479690523,
      2.1260574447453773,
      2.085363384843782,
      2.021012875536481,
      1.9583802816901408
    ],
    "avg_otn_switching": [
      0.5415203316362258,
      0.6191677922421116,
      0.6862978493829904,
      0.7364099543660187,
      0.7760922437847101
    ],
    "multi_demand_lightpath_ratio": [
      0.6711054851839999,
      0.6756261980889043,
      0.6743248403676344,
      0.6640606182488079,
      0.6588316341639553
    ],
    "avg_lightpath_usage": [
      0.7191462953163782,
      0.7264646768623253,
      0.7306801043847905,
      0.7282626638825676,
      0.7287421658257418
    ],
    "spectrum_usage": [
      0.312181904870723,
      0.35810903747663814,
      0.4017373994114449,
      0.4430158149826219,
      0.4799556091602965
    ]
  },
  "OneFrag": {
    "blocking_ratio": [
      0.0,
      0.0001,
      0.0010333333333333334,
      0.0065,
      0.027766666666666665
    ],
    "avg_hops": [
      1.6834666666666667,
      1.6392305897256392,
      1.6465681203910707,
      1.6322093608454957,
      1.6630095656049646
    ],
    "avg_otn_switching": [
      0.47066976341853944,
      0.5361166886490578,
      0.6087889087911328,
      0.6714198426266998,
      0.7286860079859615
    ],
    "multi_demand_lightpath_ratio": [
      0.5341501546948819,
      0.5363532139461763,
      0.5557137598932559,
      0.5555462819085121,
      0.5850496307202258
    ],
    "avg_lightpath_usage": [
      0.6517344354643749,
      0.6560910570280771,
      0.6711924058981512,
      0.6751824206064273,
      0.6892957880569638
    ],
    "spectrum_usage": [
      0.38328893414535037,
      0.4425241828522199,
      0.48776895400039016,
      0.5408129376652943,
      0.5677170150072399
    ]
  },
  "description": "include_OTN_frag=OEFM, sp_algo=LOC-SP-algo, overlap_num=1"
}