{
  "MinPB": {
    "blocking_ratio": [
      0.0001,
      0.003,
      0.0129,
      0.0355,
      0.0598,
      0.0905,
      0.12,
      0.157,
      0.1801,
      0.2098
    ],
    "bitrate_blocking_ratio": [
      0.00017106465755299338,
      0.004301054247046691,
      0.017297080659429816,
      0.04626077096397378,
      0.07992629557040289,
      0.11931026730074633,
      0.1579415545378566,
      0.20461776824160194,
      0.2358443995874898,
      0.2718999418380164
    ],
    "bit_blocking_ratio": [
      0.0005149860037473549,
      0.005222086407006387,
      0.014644058728747017,
      0.03898958770167274,
      0.07640988593084277,
      0.11897826417116651,
      0.161878479385694,
      0.20502374758637978,
      0.24354507440326728,
      0.2818827302641619
    ],
    "avg_hops": [
      2.197919791979198,
      2.147743229689067,
      2.110627089453956,
      2.051632970451011,
      2.0091469900021273,
      1.9848268279274326,
      1.9329545454545454,
      1.9241992882562278,
      1.9040126844737164,
      1.8936977980258163
    ],
    "avg_otn_switching": [
      0.4774914402079973,
      0.5292918306439517,
      0.5731727303484866,
      0.6001602043829591,
      0.6164012584343226,
      0.6230422811766043,
      0.6210850716657424,
      0.6171103729773508,
      0.6111117406635338,
      0.6006728253483885
    ],
    "multi_demand_lightpath_ratio": [
      0.571457265037398,
      0.5565133281198199,
      0.5513372162391224,
      0.5301765927554487,
      0.5126839359652545,
      0.49900379212335827,
      0.4883344249735018,
      0.4809450233141703,
      0.47466396972139446,
      0.4629652549048687
    ],
    "avg_lightpath_usage": [
      0.6871645752268735,
      0.6738833827227471,
      0.6661791895746441,
      0.6580693598752647,
      0.6500277637406179,
      0.638442174164991,
      0.6361710896488909,
      0.614394075243277,
      0.5986006595068966,
      0.6083560385299962
    ],
    "spectrum_usage": [
      0.2703099563868875,
      0.3026576314472179,
      0.33201908044433676,
      0.3572024699340954,
      0.37558799009984123,
      0.3872850604162267,
      0.39964552616940374,
      0.4021336796483998,
      0.4062147580656591,
      0.4051077906801837
    ]
  },
  "OneFrag": {
    "blocking_ratio": [
      0.0,
      0.0,
      0.0023,
      0.0114,
      0.0363,
      0.0656,
      0.101,
      0.1349,
      0.166,
      0.1965
    ],
    "bitrate_blocking_ratio": [
      0.0,
      0.0,
      0.003157364822263821,
      0.015684185316787308,
      0.04892449206015611,
      0.08832801403707705,
      0.1337285741516415,
      0.17946148845802318,
      0.22088357339406944,
      0.2634249099466767
    ],
    "bit_blocking_ratio": [
      0.0,
      0.0,
      0.0029671881574776502,
      0.015255041782260175,
      0.04873569255358695,
      0.08849818562890904,
      0.1361662022999808,
      0.1817042235110806,
      0.2185998266084742,
      0.2642925014538046
    ],
    "avg_hops": [
      1.7636,
      1.7341,
      1.734389094918312,
      1.7314383977341696,
      1.7488845076268549,
      1.7511772260273972,
      1.7529477196885428,
      1.763957923939429,
      1.7479616306954437,
      1.7593030491599253
    ],
    "avg_otn_switching": [
      0.42123125046442866,
      0.4695790877770126,
      0.5170874902075988,
      0.5561277515974701,
      0.5843380908743147,
      0.5990861759455732,
      0.5996029390327569,
      0.600936108274156,
      0.599742042372065,
      0.5908692192127257
    ],
    "multi_demand_lightpath_ratio": [
      0.4689559845355459,
      0.4753743641185048,
      0.47281781681187823,
      0.4609586193406559,
      0.45818579549597677,
      0.4667147608316283,
      0.4700977957771069,
      0.447230109559516,
      0.4558687174475352,
      0.43639103067107166
    ],
    "avg_lightpath_usage": [
      0.6561369661424147,
      0.6456072960686146,
      0.643210526116089,
      0.6437995293667697,
      0.6354993586424816,
      0.6258611250773224,
      0.6305440553275679,
      0.6151143920594445,
      0.5894747333778125,
      0.6022507559991966
    ],
    "spectrum_usage": [
      0.31024627905800894,
      0.3488853006114176,
      0.3779065041262249,
      0.4072225227044734,
      0.4263110582628542,
      0.4367989996462938,
      0.43983974669015846,
      0.443442682206829,
      0.4425617560365491,
      0.43584114831419224
    ]
  },
  "description": "include_OTN_frag=None, sp_algo=LOC-SP-algo, overlap_num=3, topology=nsfnet, sorted",
  "traffic_intensities": [
    300,
    350,
    400,
    450,
    500,
    550,
    600,
    650,
    700,
    750
  ]
}