{
  "MinPB": {
    "blocking_ratio": [
      0.0005,
      0.0039,
      0.0179,
      0.0344,
      0.0646,
      0.0876,
      0.1219,
      0.1572,
      0.1765,
      0.21
    ],
    "bitrate_blocking_ratio": [
      0.0007673471781662846,
      0.005273679014276568,
      0.023944164495774703,
      0.046045718251621445,
      0.08460369206406616,
      0.11499455036876653,
      0.15609894379792866,
      0.20462265580324632,
      0.22885518643603892,
      0.2705167618926594
    ],
    "bit_blocking_ratio": [
      0.0005910737162168392,
      0.005385709114515361,
      0.018404493902213166,
      0.0430572653031772,
      0.08077346343879117,
      0.11651841461412014,
      0.1578009292822454,
      0.2068782289014159,
      0.23292247051197956,
      0.27649712568457296
    ],
    "avg_hops": [
      2.1970985492746373,
      2.137436000401566,
      2.097647897362794,
      2.0398715824357914,
      1.9951892238614497,
      1.948925909688733,
      1.9202824279694795,
      1.9017560512577123,
      1.8537947783849422,
      1.8564556962025316
    ],
    "avg_otn_switching": [
      0.4775562931141085,
      0.5281172490979535,
      0.5693349823959775,
      0.5948250363219305,
      0.6091791136486521,
      0.6176938164073187,
      0.6193676631702989,
      0.6121535110162961,
      0.6101352644391851,
      0.6000308526041739
    ],
    "multi_demand_lightpath_ratio": [
      0.5980590671125112,
      0.5787229134549889,
      0.5699777408315392,
      0.554897555930141,
      0.53625849195324,
      0.517959477349351,
      0.512253558517245,
      0.5059081099559478,
      0.4889966029495722,
      0.48158887506729386
    ],
    "avg_lightpath_usage": [
      0.66772697507584,
      0.6592889728425796,
      0.6527887361617379,
      0.6444061359805693,
      0.6306234400702945,
      0.6156846368159109,
      0.6133570090091334,
      0.6055165869714769,
      0.594375669086449,
      0.5621493608225563
    ],
    "spectrum_usage": [
      0.26054070423243064,
      0.29052870374623274,
      0.3217276551174777,
      0.34332368997666,
      0.35789736838568187,
      0.38313652009646043,
      0.38953031428503265,
      0.3900504514698553,
      0.40906611478233007,
      0.40240065196133534
    ]
  },
  "OneFrag": {
    "blocking_ratio": [
      0.0,
      0.0,
      0.0018,
      0.0104,
      0.0294,
      0.0662,
      0.0928,
      0.1237,
      0.1519,
      0.1865
    ],
    "bitrate_blocking_ratio": [
      0.0,
      0.0,
      0.0024291181372525063,
      0.014276567563208392,
      0.03920801951114609,
      0.08652450379030406,
      0.12158298346537896,
      0.16348404944257358,
      0.2014310780494719,
      0.24391376386234673
    ],
    "bit_blocking_ratio": [
      0.0,
      0.0,
      0.0011620623914114167,
      0.01361637459370457,
      0.03561380854895836,
      0.08243045885509287,
      0.1225853748125757,
      0.16431089424477566,
      0.21085640502169337,
      0.2484961196367553
    ],
    "avg_hops": [
      1.7003,
      1.7053,
      1.6901422560609096,
      1.6895715440582053,
      1.677622089429219,
      1.6915827800385521,
      1.7012786596119929,
      1.7039826543421204,
      1.705341351255748,
      1.7011677934849416
    ],
    "avg_otn_switching": [
      0.4147795848959858,
      0.4674515187794081,
      0.5126643173123367,
      0.5527846814988843,
      0.577801407954916,
      0.5940836969994252,
      0.6022430514578566,
      0.6022074949837097,
      0.597561335809985,
      0.593003454720543
    ],
    "multi_demand_lightpath_ratio": [
      0.4723088099675493,
      0.4791068939420286,
      0.48444081436452013,
      0.4836759607172881,
      0.4569133889521076,
      0.46334069531981964,
      0.4628288629837501,
      0.46930837001440223,
      0.4597596172460045,
      0.45074865452304114
    ],
    "avg_lightpath_usage": [
      0.611272358962307,
      0.6073292506302999,
      0.6131506533080926,
      0.6144675079946141,
      0.604184416684189,
      0.600353845529785,
      0.5949520694657056,
      0.5896755129477279,
      0.5755050551671773,
      0.5741208869700296
    ],
    "spectrum_usage": [
      0.323500506949553,
      0.35501284557614154,
      0.38773111296010127,
      0.4141957628603745,
      0.4402796815501767,
      0.4484146098133746,
      0.44878436815091055,
      0.4536219412205022,
      0.455391455105939,
      0.4432057234823457
    ]
  },
  "description": "include_OTN_frag=EONz, sp_algo=base, overlap_num=3, topology=nsfnet, sorted",
  "traffic_intensities": [
    300,
    350,
    400,
    450,
    500,
    550,
    600,
    650,
    700,
    750
  ]
}