{
  "MinEn": {
    "blocking_ratio": [
      0.0373,
      0.0509,
      0.0547,
      0.06625,
      0.07435
    ],
    "avg_hops": [
      1.1338942557390672,
      1.1761668949531134,
      1.230350153390458,
      1.2881392235609104,
      1.3413817317560632
    ],
    "avg_otn_switching": [
      0.33234937497054073,
      0.3818093129225966,
      0.43687424007003683,
      0.491221437370942,
      0.5417160168129977
    ],
    "multi_demand_lightpath_ratio": [
      0.3193750961062263,
      0.35894774801423307,
      0.4020215570499415,
      0.4447437251226278,
      0.4722587182085296
    ],
    "avg_lightpath_usage": [
      0.6507498614079141,
      0.6645136089924981,
      0.6667238504112514,
      0.6802816342259741,
      0.7032541870649567
    ],
    "spectrum_usage": [
      0.414034450798255,
      0.4463094185976957,
      0.4816927879878229,
      0.5117999887923294,
      0.5322128942980979
    ]
  },
  "MinPB": {
    "blocking_ratio": [
      0.00375,
      0.01165,
      0.02335,
      0.0337,
      0.0471
    ],
    "avg_hops": [
      1.5595984943538268,
      1.564577325846107,
      1.5861362821891158,
      1.5938114457207906,
      1.6161716864308953
    ],
    "avg_otn_switching": [
      0.4149096498652536,
      0.47500397240000436,
      0.5300784966107861,
      0.5816639807879554,
      0.6294465993208116
    ],
    "multi_demand_lightpath_ratio": [
      0.5568956126825725,
      0.5644740702071462,
      0.5826667709198808,
      0.5906018651416985,
      0.5955770816181667
    ],
    "avg_lightpath_usage": [
      0.6996216234099087,
      0.7021474999226629,
      0.7088455732514712,
      0.7091183730833074,
      0.7151284691992167
    ],
    "spectrum_usage": [
      0.3620370107903165,
      0.402169988402745,
      0.43184265070960365,
      0.46749933510779335,
      0.48775229544879833
    ]
  },
  "OneFrag": {
    "blocking_ratio": [
      0.00485,
      0.0127,
      0.02495,
      0.0313,
      0.04905
    ],
    "avg_hops": [
      1.4773149776415615,
      1.4971133394105136,
      1.498333418799036,
      1.5378858263652317,
      1.541668857458331
    ],
    "avg_otn_switching": [
      0.4018773824370966,
      0.4616523704783884,
      0.5094532755636876,
      0.5715584312799645,
      0.6113431422664702
    ],
    "multi_demand_lightpath_ratio": [
      0.5064778544188756,
      0.5208612856727569,
      0.5332512914391374,
      0.5524817379626046,
      0.5693670057656227
    ],
    "avg_lightpath_usage": [
      0.6833985512122136,
      0.6913859368090229,
      0.6905214932126552,
      0.7135200346473287,
      0.7166970191668396
    ],
    "spectrum_usage": [
      0.3752631970555605,
      0.41581158147401326,
      0.4486030276006329,
      0.48195760724262054,
      0.5026530380585016
    ]
  },
  "description": "base"
}