{
  "MinPB": {
    "blocking_ratio": [
      0.0006333333333333333,
      0.0042,
      0.015666666666666666,
      0.03306666666666667,
      0.056966666666666665,
      0.08706666666666667,
      0.1202,
      0.1529,
      0.19156666666666666,
      0.21866666666666668
    ],
    "bitrate_blocking_ratio": [
      0.000787794566664057,
      0.005387340483833086,
      0.02161134163208852,
      0.04312971371904277,
      0.07596427359795402,
      0.11447486886401002,
      0.15872511025861843,
      0.20197389023721912,
      0.25326861348156265,
      0.2869350061327279
    ],
    "bit_blocking_ratio": [
      0.0006378340237596171,
      0.004373508963059775,
      0.02011279816733337,
      0.04484049061927438,
      0.0771232210537775,
      0.1161751186833047,
      0.15897551957541495,
      0.199604676699575,
      0.24655109898206742,
      0.28478223995525487
    ],
    "avg_hops": [
      2.1710750141756447,
      2.1312847291959565,
      2.0788689468337282,
      2.0287506894649754,
      1.9762115160298328,
      1.9219366145757266,
      1.895014018337501,
      1.8731357966395152,
      1.8537500515400156,
      1.8408703071672354
    ],
    "avg_otn_switching": [
      0.5416905096818008,
      0.6190516441971938,
      0.6822277204481393,
      0.7344373908938814,
      0.7742435895367921,
      0.799827974085376,
      0.8189544300448549,
      0.8306870799375223,
      0.8318559181653925,
      0.8323820543859941
    ],
    "multi_demand_lightpath_ratio": [
      0.6500277479929968,
      0.6516505675981797,
      0.6517724333979978,
      0.6450519656747942,
      0.6408161000549475,
      0.632142531344772,
      0.6317711379817437,
      0.6326120897035538,
      0.6376509802242092,
      0.6377969457518776
    ],
    "avg_lightpath_usage": [
      0.747715646640986,
      0.7501167186560753,
      0.7547670957205493,
      0.7551391104782613,
      0.7532340324428995,
      0.7520321170660274,
      0.7490936564577824,
      0.746826148410614,
      0.742856298275805,
      0.7384492357743706
    ],
    "spectrum_usage": [
      0.3037036856007495,
      0.34993958511348505,
      0.39171871693553295,
      0.431196201527247,
      0.4681362799379476,
      0.5006983435328286,
      0.5216335691006361,
      0.5386056598531438,
      0.5435835729499068,
      0.5527265187248653
    ]
  },
  "OneFrag": {
    "blocking_ratio": [
      0.0,
      0.0,
      0.0015,
      0.0102,
      0.033433333333333336,
      0.06443333333333333,
      0.1005,
      0.13786666666666667,
      0.17386666666666667,
      0.2021
    ],
    "bitrate_blocking_ratio": [
      0.0,
      0.0,
      0.0020388058143479735,
      0.013961742216654922,
      0.04482273806727733,
      0.08585166627521595,
      0.1357273806727733,
      0.18183375088076412,
      0.23179101751089537,
      0.2695415459693625
    ],
    "bit_blocking_ratio": [
      0.0,
      0.0,
      0.0019178533774787388,
      0.014414079123979255,
      0.04501903303138125,
      0.08586097248151316,
      0.13471419746158292,
      0.17861971728528883,
      0.22782672574144594,
      0.2677226401203906
    ],
    "avg_hops": [
      1.7552333333333334,
      1.7175333333333334,
      1.700751126690035,
      1.6975820030982691,
      1.7056936924509432,
      1.729112480849396,
      1.7257365202890496,
      1.7244819053510672,
      1.7214331826985152,
      1.7306680035092117
    ],
    "avg_otn_switching": [
      0.4798178880685621,
      0.5470498788079244,
      0.6165086764261589,
      0.6826179182761889,
      0.7335079223472435,
      0.7736562799392365,
      0.7929316010572303,
      0.8098034222615175,
      0.8115019122884546,
      0.8187919647520485
    ],
    "multi_demand_lightpath_ratio": [
      0.5335812204292784,
      0.5402805105356829,
      0.5541010244267224,
      0.558713558258893,
      0.5713762867680102,
      0.5789503133120786,
      0.5912368018352634,
      0.5954854517175563,
      0.5944120388522869,
      0.6039625411939737
    ],
    "avg_lightpath_usage": [
      0.7098811208204129,
      0.7142524080164243,
      0.7203267214411854,
      0.7253478012623394,
      0.7328939900553205,
      0.7355372901154933,
      0.7340962330466169,
      0.7341869409982371,
      0.7302331160365599,
      0.7261057949851133
    ],
    "spectrum_usage": [
      0.3498043911499212,
      0.4054518356773727,
      0.4542749876270141,
      0.501754804740856,
      0.5317348915147655,
      0.5609052138265888,
      0.5772362795131402,
      0.5892615341148866,
      0.5964643311382148,
      0.5959758308042469
    ]
  },
  "description": "include_OTN_frag=None, sp_algo=base, overlap_num=0, topology=nsfnet, sorted",
  "traffic_intensities": [
    300,
    350,
    400,
    450,
    500,
    550,
    600,
    650,
    700,
    750
  ]
}