{
  "MinEn": {
    "blocking_ratio": [
      0.00013333333333333334,
      0.00036666666666666667,
      0.0008,
      0.0033,
      0.013433333333333334
    ],
    "avg_hops": [
      1.173223096412855,
      1.2277501750641902,
      1.2929343474779824,
      1.3586502123674793,
      1.4156164476129338
    ],
    "avg_otn_switching": [
      0.3752819160180684,
      0.4467883751181808,
      0.5234832208553946,
      0.6016735788255371,
      0.6715578989943771
    ],
    "multi_demand_lightpath_ratio": [
      0.4006051374689832,
      0.4401419977789618,
      0.4797896755605863,
      0.5087318644494241,
      0.5422757199602993
    ],
    "avg_lightpath_usage": [
      0.5995779736372882,
      0.6218578260436766,
      0.6442752623257514,
      0.664635607358525,
      0.6797907343578918
    ],
    "spectrum_usage": [
      0.4881036006710224,
      0.5378591520396064,
      0.583131034829056,
      0.619810817748125,
      0.6529616820289479
    ]
  },
  "MinPB": {
    "blocking_ratio": [
      0.0005666666666666667,
      0.0028,
      0.0111,
      0.029066666666666668,
      0.054733333333333335
    ],
    "avg_hops": [
      2.1684621285395056,
      2.123077951597807,
      2.083864226244649,
      2.013011535292502,
      1.9590944354326822
    ],
    "avg_otn_switching": [
      0.5414939131316672,
      0.6185999388927245,
      0.6863857514199234,
      0.7364341814398913,
      0.7745394763642639
    ],
    "multi_demand_lightpath_ratio": [
      0.6742846849002047,
      0.6719938779774555,
      0.6740187062788285,
      0.6649771025601684,
      0.6580558618327094
    ],
    "avg_lightpath_usage": [
      0.7190762879382924,
      0.7241960361455753,
      0.7285338591536901,
      0.7291124299188108,
      0.7315417606788723
    ],
    "spectrum_usage": [
      0.312413269855271,
      0.35914386326311115,
      0.4027325183562022,
      0.443296233784719,
      0.47849477173333926
    ]
  },
  "OneFrag": {
    "blocking_ratio": [
      0.0,
      0.0,
      0.0010333333333333334,
      0.0087,
      0.029866666666666666
    ],
    "avg_hops": [
      1.6621666666666666,
      1.6531,
      1.664953785578431,
      1.6475671676922559,
      1.676676745464541
    ],
    "avg_otn_switching": [
      0.4663393040872882,
      0.5396092107783745,
      0.6135588210651061,
      0.6744288229607165,
      0.7330887512668904
    ],
    "multi_demand_lightpath_ratio": [
      0.5271160546233654,
      0.5404674470159248,
      0.5522715572019038,
      0.5637675982617072,
      0.5796586719799844
    ],
    "avg_lightpath_usage": [
      0.6466705898472059,
      0.6607132356617215,
      0.6743964574854471,
      0.6791122018194,
      0.690224922232435
    ],
    "spectrum_usage": [
      0.38785902909745357,
      0.43717257837031115,
      0.483558618031319,
      0.5344131515075236,
      0.5650850137169514
    ]
  },
  "description": "include_OTN_frag=OEFM, sp_algo=LOC-SP-algo, overlap_num=15"
}