{
  "MinPB": {
    "blocking_ratio": [
      0.0005,
      0.0032,
      0.0118,
      0.0291,
      0.05343333333333333,
      0.0823,
      0.11646666666666666,
      0.15386666666666668,
      0.18433333333333332,
      0.21183333333333335
    ],
    "bitrate_blocking_ratio": [
      0.0006491557712883948,
      0.004227667736631958,
      0.016039693102638378,
      0.03779293561940552,
      0.07062586445366528,
      0.10901413137086041,
      0.15263152744069522,
      0.20093165270492444,
      0.24234061431665754,
      0.278742268848352
    ],
    "bit_blocking_ratio": [
      0.0006346989146425619,
      0.003323535676645817,
      0.014653230014759626,
      0.03937404797106853,
      0.0716136058504914,
      0.10655599159459878,
      0.1492857542411432,
      0.19631112013271226,
      0.23729803874098646,
      0.27401451727082793
    ],
    "avg_hops": [
      2.173486743371686,
      2.126571696094168,
      2.073500640895905,
      2.0192261475606825,
      1.95386836637673,
      1.911082052958483,
      1.876556251414774,
      1.8606996533249291,
      1.8307315079689415,
      1.8092197081835484
    ],
    "avg_otn_switching": [
      0.5419700644857458,
      0.6191302358538769,
      0.6852773184528135,
      0.7363847891513222,
      0.7735767082735776,
      0.8030723249708616,
      0.8190184932384279,
      0.8311046842710341,
      0.8313701749958196,
      0.8348450350212416
    ],
    "multi_demand_lightpath_ratio": [
      0.673723775779252,
      0.6763279734551149,
      0.674795960030211,
      0.6689303258712728,
      0.662084887591133,
      0.6622313123186947,
      0.6579390590419862,
      0.6580671424888717,
      0.660838150893204,
      0.6582034158954737
    ],
    "avg_lightpath_usage": [
      0.7252306659233986,
      0.7312012528684095,
      0.7363477854006671,
      0.7351142217092511,
      0.7357880757638532,
      0.7373528849077998,
      0.7324980615770443,
      0.7254823571902667,
      0.72287742986109,
      0.7180248574790857
    ],
    "spectrum_usage": [
      0.3097004310918626,
      0.355856891777873,
      0.3993862180825328,
      0.4395139346689896,
      0.47501421827358614,
      0.5051764520210756,
      0.527703077783496,
      0.5466678194448065,
      0.5563236811442221,
      0.5682637582677131
    ]
  },
  "OneFrag": {
    "blocking_ratio": [
      0.0,
      0.0001,
      0.0014333333333333333,
      0.007266666666666667,
      0.0256,
      0.05973333333333333,
      0.092,
      0.12916666666666668,
      0.16553333333333334,
      0.19713333333333333
    ],
    "bitrate_blocking_ratio": [
      0.0,
      0.00013374566142122706,
      0.0019833502961977088,
      0.00953834912184556,
      0.034483546021555886,
      0.07861961429056082,
      0.12296934940890941,
      0.1716429838983272,
      0.2190248310237741,
      0.259659046426055
    ],
    "bit_blocking_ratio": [
      0.0,
      3.5974862934180226e-05,
      0.0018071659479479045,
      0.009471400141932112,
      0.03513524404160457,
      0.0766121881778012,
      0.1266569253313634,
      0.17114500629982124,
      0.213700832500575,
      0.2542600079725494
    ],
    "avg_hops": [
      1.6789333333333334,
      1.6674334100076675,
      1.649497613245652,
      1.652004566516688,
      1.6649904214559388,
      1.6817214974475325,
      1.6887665198237884,
      1.6943157894736842,
      1.681073739713989,
      1.6818483766503363
    ],
    "avg_otn_switching": [
      0.4683728545264515,
      0.5408922308795128,
      0.6095281207673134,
      0.6771892899448225,
      0.7323690754526451,
      0.7703615337918964,
      0.7929520600559881,
      0.808065714736255,
      0.8160833114015043,
      0.8215398343234829
    ],
    "multi_demand_lightpath_ratio": [
      0.5340854184071326,
      0.5506297477807444,
      0.5526349312275523,
      0.5677959337998101,
      0.5824277126844747,
      0.5947250037042773,
      0.6048544552445045,
      0.6177527727478915,
      0.6130129010341097,
      0.6220116167220086
    ],
    "avg_lightpath_usage": [
      0.6553902419576699,
      0.6682572411333475,
      0.6734038617131026,
      0.6853554694655994,
      0.6953488004667645,
      0.7031790992230206,
      0.7063951391806512,
      0.7095493003707962,
      0.6994593709619316,
      0.6992579456881479
    ],
    "spectrum_usage": [
      0.38073541541630485,
      0.43011343413401554,
      0.48496811764745523,
      0.5316609437251222,
      0.5639106097222811,
      0.5867457023741097,
      0.6018258008202841,
      0.6109352024274305,
      0.6240461365760972,
      0.6283271294319029
    ]
  },
  "description": "include_OTN_frag=OFM, sp_algo=LOC-SP-algo, overlap_num=3, topology=nsfnet, sorted",
  "traffic_intensities": [
    300,
    350,
    400,
    450,
    500,
    550,
    600,
    650,
    700,
    750
  ]
}